,RMSD,P-VALUE,INF-ALL,INF-WC,INF-NWC,INF-STACK,DI,MCQ,GDT-TS,GDT-TS@1,GDT-TS@2,GDT-TS@4,GDT-TS@8,CLASH,TM-score,BARNABA-RMSD,BARNABA-eRMSD,BARNABA-eSCORE,lDDT,CAD
normalized_rnacomposer_1U9S.pdb,26.21,4.05456779262181e-11,0.565,0.683,0.125,0.553,46.375,28.31,0.063,0.032,0.045,0.071,0.103,0.0,0.17,2.7,1.815,2.286,0.388,0.021
normalized_simrna_1U9S.pdb,28.446,7.345902752753376e-08,0.579,0.68,0.0,0.595,49.095,25.02,0.071,0.039,0.065,0.077,0.103,0.0,0.202,2.933,1.844,3.916,0.02,0.022
normalized_trrosettarna_1U9S_2.pdb,10.349,0.0,0.448,0.582,0.055,0.475,23.111,45.36,0.058,0.032,0.052,0.058,0.09,0.0,0.331,1.108,1.859,2.085,0.449,0.019
normalized_rhofold_1U9S.pdb,4.966,0.0,0.492,0.114,0.079,0.637,10.095,64.48,0.069,0.032,0.045,0.084,0.116,0.0,0.62,0.496,1.71,2.084,0.0,0.022
normalized_vfoldpipeline_1U9S_1.pdb,22.275,0.0,0.535,0.743,0.0,0.482,41.669,29.04,0.065,0.032,0.045,0.071,0.11,0.0,0.212,2.332,1.826,2.914,0.297,0.024
normalized_3drna_1U9S_5.pdb,19.993,0.0,0.508,0.639,0.0,0.515,39.341,36.07,0.061,0.032,0.045,0.065,0.103,0.0,0.243,2.019,2.024,1.983,0.238,0.019
normalized_alphafold3_19US_1.pdb,3.429,0.0,0.814,0.96,0.433,0.801,4.212,14.8,0.073,0.039,0.052,0.084,0.116,0.0,0.775,0.349,0.921,4.412,0.787,0.019
