,RMSD,P-VALUE,INF-ALL,INF-WC,INF-NWC,INF-STACK,DI,MCQ,GDT-TS,GDT-TS@1,GDT-TS@2,GDT-TS@4,GDT-TS@8,CLASH,TM-score,BARNABA-RMSD,BARNABA-eRMSD,BARNABA-eSCORE,lDDT,CAD
normalized_simrna_1XJR.pdb,10.032,4.159591198482637e-06,0.667,0.688,0.408,0.693,15.044,20.27,0.283,0.174,0.217,0.304,0.435,0.0,0.298,1.029,1.608,1.32,0.081,0.014
normalized_trrosettarna_1XJR_4.pdb,2.799,0.0,0.398,0.53,0.0,0.44,7.035,37.7,0.429,0.13,0.217,0.391,0.978,0.0,0.563,0.215,1.556,0.565,0.62,0.014
normalized_rnacomposer_1XJR.pdb,5.241,5.440092820663267e-13,0.797,0.968,0.408,0.764,6.577,16.18,0.332,0.174,0.196,0.304,0.652,0.0,0.263,0.513,1.098,0.875,0.644,0.013
normalized_vfold_1XJR_3.pdb,5.373,9.234835118832052e-13,0.662,0.875,0.0,0.637,8.122,30.42,0.321,0.13,0.196,0.348,0.609,0.0,0.27,0.533,1.498,0.794,0.014,0.012
normalized_mcsym_1XJR_5.pdb,8.418,4.3153960183062174e-08,0.657,0.688,0.408,0.678,12.808,31.52,0.261,0.13,0.217,0.304,0.391,0.0,0.262,0.878,1.501,1.081,0.016,0.013
normalized_rhofold_1XJR.pdb,6.369,4.238431827729983e-11,0.609,0.535,0.0,0.711,10.457,61.04,0.326,0.152,0.174,0.348,0.63,0.0,0.335,0.642,1.377,0.638,0.498,0.011
normalized_rnajp_1XJR.pdb,,,0.497,0.0,0.0,0.677,,,0.245,0.152,0.196,0.261,0.37,0.0,0.164,,,0.339,0.006,0.015
normalized_vfoldpipeline_1XJR_3.pdb,2.299,0.0,0.915,0.97,0.577,0.935,2.512,14.54,0.418,0.174,0.239,0.37,0.891,0.0,0.516,0.223,0.582,1.404,0.776,0.013
normalized_3drna_1XJR_1.pdb,7.243,9.491477048761963e-10,0.607,0.866,0.0,0.563,11.926,29.43,0.315,0.174,0.217,0.261,0.609,0.0,0.234,0.695,1.495,0.821,0.545,0.016
normalized_isrna_1XJR.pdb,10.758,2.5203374793392183e-05,0.701,0.935,,0.658,15.35,21.73,0.255,0.152,0.196,0.283,0.391,0.0,0.29,1.095,1.409,1.108,0.489,0.014
normalized_alphafold3_1XJR_1.pdb,8.216,2.3055393261195437e-08,0.895,1.0,0.707,0.88,9.185,12.66,0.321,0.174,0.239,0.391,0.478,0.0,0.462,0.82,0.924,1.378,0.702,0.013
