,RMSD,P-VALUE,INF-ALL,INF-WC,INF-NWC,INF-STACK,DI,MCQ,GDT-TS,GDT-TS@1,GDT-TS@2,GDT-TS@4,GDT-TS@8,CLASH,TM-score,BARNABA-RMSD,BARNABA-eRMSD,BARNABA-eSCORE,lDDT,CAD
normalized_3drna_1YFG_1.pdb,11.871,1.6848534234448211e-09,0.518,0.668,,0.464,22.926,39.98,0.129,0.078,0.109,0.141,0.188,0.0,0.269,1.197,1.851,1.263,0.434,0.114
normalized_simrna_1YFG.pdb,16.354,0.0003106299529318,0.658,0.651,0.0,0.697,24.841,33.39,0.148,0.109,0.109,0.141,0.234,0.0,0.249,1.775,1.794,1.614,0.016,0.133
normalized_vfoldpipeline_1YFG_1.pdb,17.674,0.0035825162889029,0.571,0.616,,0.566,30.975,30.05,0.137,0.109,0.109,0.141,0.188,0.0,0.319,1.854,1.741,1.572,0.485,0.128
normalized_rnacomposer_1YFG.pdb,15.17,2.2506255107856976e-05,0.58,0.684,0.0,0.556,26.141,30.95,0.121,0.078,0.094,0.125,0.188,0.0,0.23,1.534,1.678,1.242,0.468,0.112
normalized_vfold_1YFG_4.pdb,16.753,0.0006857755274246,0.556,0.651,0.0,0.544,30.151,35.56,0.133,0.109,0.109,0.125,0.188,0.0,0.284,1.728,1.758,1.231,0.008,0.13
normalized_mcsym_1YFG_4.pdb,15.037,1.6347260489768534e-05,0.403,0.328,,0.45,37.277,39.4,0.141,0.094,0.109,0.141,0.219,0.0,0.32,1.552,2.112,1.735,0.054,0.117
normalized_isrna_1YFG.pdb,17.31,0.0019201770882013,0.567,0.651,,0.545,30.545,32.01,0.144,0.109,0.125,0.141,0.203,0.0,0.275,1.791,1.699,1.578,0.431,0.13
normalized_trrosettarna_1YFG_1.pdb,4.162,0.0,0.663,0.829,0.0,0.618,6.274,39.61,0.141,0.109,0.109,0.141,0.203,0.0,0.516,0.411,1.234,1.255,0.632,0.133
normalized_rnajp_1YFG.pdb,16.494,0.0004126882562137,0.577,0.651,,0.561,28.606,33.07,0.144,0.109,0.109,0.156,0.203,0.0,0.269,1.692,1.679,1.778,0.077,0.128
normalized_rhofold_1YFG.pdb,14.816,9.499026975223757e-06,0.613,0.601,0.0,0.652,24.188,55.8,0.137,0.109,0.125,0.125,0.188,0.0,0.259,1.534,1.641,1.091,0.447,0.128
