,RMSD,P-VALUE,INF-ALL,INF-WC,INF-NWC,INF-STACK,DI,MCQ,GDT-TS,GDT-TS@1,GDT-TS@2,GDT-TS@4,GDT-TS@8,CLASH,TM-score,BARNABA-RMSD,BARNABA-eRMSD,BARNABA-eSCORE,lDDT,CAD
normalized_isrna_2IL9.pdb,45.169,0.9999999881347807,0.453,0.189,0.0,0.565,99.786,25.25,0.0,0.0,0.0,0.0,0.0,0.0,0.208,4.558,1.911,1.432,0.324,
normalized_vfoldpipeline_2IL9_2.pdb,48.459,0.9999999999999368,0.305,0.2,0.0,0.379,158.71,32.77,0.0,0.0,0.0,0.0,0.0,0.0,0.171,4.896,1.881,0.994,0.274,
normalized_rhofold_2IL9.pdb,8.698,0.0,0.502,0.281,0.0,0.593,17.337,64.06,0.0,0.0,0.0,0.0,0.0,0.0,0.532,0.886,1.539,1.448,0.0,
normalized_rnajp_2IL9.pdb,41.902,0.9999175244303145,0.446,0.194,0.0,0.552,93.897,27.54,0.0,0.0,0.0,0.0,0.0,0.0,0.243,4.229,1.834,1.53,0.019,
normalized_3drna_2IL9_5.pdb,37.483,0.9053094805625526,0.372,0.206,0.0,0.456,100.671,32.15,0.0,0.0,0.0,0.0,0.0,0.0,0.212,3.792,1.938,1.164,0.335,
normalized_trrosettarna_2IL9_2.pdb,17.738,0.0,0.436,0.298,0.0,0.498,40.711,32.42,0.0,0.0,0.0,0.0,0.0,0.0,0.391,1.821,1.512,1.296,0.534,
normalized_rnacomposer_2IL9.pdb,39.112,0.9867056282344252,0.382,0.223,0.0,0.459,102.295,27.41,0.0,0.0,0.0,0.0,0.0,0.0,0.198,3.952,1.86,1.424,0.376,
normalized_vfold_2IL9_2.pdb,39.979,0.9965210587945856,0.349,0.191,0.0,0.433,114.62,29.77,0.0,0.0,0.0,0.0,0.0,0.0,0.204,4.01,1.893,1.255,0.002,
normalized_simrna_2IL9.pdb,43.602,0.999998771339329,0.412,0.166,0.0,0.526,105.905,25.12,0.0,0.0,0.0,0.0,0.0,0.0,0.276,4.431,2.041,1.75,0.038,
normalized_alphafold3_2IL9_1.pdb,8.546,0.0,0.567,0.389,0.258,0.644,15.066,18.46,0.0,0.0,0.0,0.0,0.0,0.0,0.511,0.899,1.31,2.03,0.598,
