,RMSD,P-VALUE,INF-ALL,INF-WC,INF-NWC,INF-STACK,DI,MCQ,GDT-TS,GDT-TS@1,GDT-TS@2,GDT-TS@4,GDT-TS@8,CLASH,TM-score,BARNABA-RMSD,BARNABA-eRMSD,BARNABA-eSCORE,lDDT,CAD
normalized_3drna_3D2V_3.pdb,16.354,3.468450839871906e-07,0.579,0.671,0.0,0.623,28.223,31.67,0.208,0.143,0.169,0.221,0.299,0.0,0.219,1.706,1.924,1.012,0.297,0.544
normalized_rnajp_3D2V.pdb,28.403,0.9582561460366408,0.583,0.572,0.16,0.645,48.756,26.09,0.234,0.143,0.195,0.221,0.377,0.0,0.179,2.881,1.898,1.674,0.015,0.552
normalized_rhofold_3D2V.pdb,3.999,0.0,0.626,0.699,0.263,0.681,6.385,52.23,0.597,0.143,0.39,0.857,1.0,0.0,0.559,0.352,1.578,0.825,0.507,0.688
normalized_isrna_3D2V.pdb,32.196,0.9999379666632222,0.535,0.632,0.0,0.569,60.184,25.43,0.217,0.13,0.182,0.234,0.325,0.0,0.199,3.277,1.867,1.359,0.322,0.522
normalized_vfoldpipeline_3D2V_1.pdb,17.844,1.7721437845730215e-05,0.49,0.616,0.0,0.509,36.404,32.32,0.185,0.091,0.143,0.195,0.312,0.0,0.188,1.793,1.927,0.951,0.277,0.542
normalized_simrna_3D2V.pdb,26.799,0.7995183832758654,0.527,0.516,0.0,0.597,50.864,26.45,0.185,0.078,0.13,0.221,0.312,0.0,0.19,2.757,2.133,1.556,0.02,0.537
normalized_mcsym_3D2V_2.pdb,18.275,4.890943850821561e-05,0.392,0.175,0.0,0.542,46.651,36.99,0.162,0.091,0.117,0.169,0.273,0.0,0.185,1.925,2.329,1.608,0.01,0.521
normalized_vfold_3D2V_5.pdb,17.772,1.4875786566670436e-05,0.478,0.586,0.0,0.516,37.182,33.37,0.214,0.117,0.182,0.208,0.351,0.0,0.205,1.851,1.975,1.08,0.009,0.529
normalized_rnacomposer_3D2V.pdb,16.68,8.674213582415824e-07,0.579,0.586,0.16,0.638,28.806,23.08,0.27,0.195,0.208,0.247,0.429,0.0,0.248,1.705,1.829,1.191,0.41,0.607
normalized_trrosettarna_3D2V_3.pdb,2.252,0.0,0.505,0.632,0.16,0.565,4.465,35.48,0.782,0.273,0.857,1.0,1.0,0.0,0.776,0.198,1.652,0.755,0.63,0.799
