,RMSD,P-VALUE,INF-ALL,INF-WC,INF-NWC,INF-STACK,DI,MCQ,GDT-TS,GDT-TS@1,GDT-TS@2,GDT-TS@4,GDT-TS@8,CLASH,TM-score,BARNABA-RMSD,BARNABA-eRMSD,BARNABA-eSCORE,lDDT,CAD
normalized_vfold_3DIL_1.pdb,20.394,0.0,0.657,0.828,0.0,0.65,31.052,26.4,0.328,0.087,0.214,0.387,0.624,0.0,0.484,2.074,1.694,3.361,0.004,0.67
normalized_trrosettarna_3DIL_2.pdb,2.843,0.0,0.749,0.855,0.228,0.769,3.795,23.74,0.697,0.197,0.63,0.96,1.0,0.0,0.87,0.268,1.186,4.155,0.678,0.831
normalized_rnacomposer_3DIL.pdb,29.799,3.316423746735353e-09,0.752,0.824,0.473,0.756,39.621,17.52,0.334,0.266,0.289,0.33,0.451,0.0,0.392,3.015,1.34,3.861,0.56,0.749
normalized_simrna_3DIL.pdb,31.221,2.721241129099994e-07,0.678,0.75,0.213,0.69,46.041,21.57,0.149,0.081,0.121,0.156,0.237,0.0,0.254,3.196,1.56,5.218,0.017,0.693
normalized_isrna_3DIL.pdb,31.522,6.392422665091324e-07,0.72,0.862,0.0,0.712,43.775,20.31,0.14,0.087,0.121,0.156,0.197,0.0,0.173,3.231,1.434,4.638,0.397,0.683
normalized_3drna_3DIL_1.pdb,20.394,0.0,0.657,0.828,0.0,0.65,31.052,26.4,0.328,0.087,0.214,0.387,0.624,0.0,0.484,2.074,1.694,3.361,0.004,0.67
normalized_rhofold_3DIL.pdb,28.089,7.394085344003543e-12,0.088,0.0,0.0,0.225,319.449,75.09,0.059,0.023,0.035,0.064,0.116,0.0,0.103,2.851,10.243,14.434,0.0,0.069
normalized_vfoldpipeline_3DIL_2.pdb,21.733,0.0,0.636,0.809,0.0,0.606,34.161,26.06,0.241,0.069,0.144,0.272,0.48,0.0,0.393,2.2,1.649,3.122,0.314,0.646
