,RMSD,P-VALUE,INF-ALL,INF-WC,INF-NWC,INF-STACK,DI,MCQ,GDT-TS,GDT-TS@1,GDT-TS@2,GDT-TS@4,GDT-TS@8,CLASH,TM-score,BARNABA-RMSD,BARNABA-eRMSD,BARNABA-eSCORE,lDDT,CAD
normalized_rnajp_3OXE.pdb,15.411,5.042588568926476e-11,0.808,0.962,0.463,0.784,19.079,22.11,0.218,0.081,0.14,0.233,0.419,0.0,0.373,1.591,1.179,2.201,0.04,0.035
normalized_mcsym_3OXE_4.pdb,,,0.257,0.0,0.0,0.374,,,0.142,0.093,0.105,0.163,0.209,0.0,0.264,,,0.935,0.002,0.026
normalized_rhofold_3OXE.pdb,3.809,0.0,0.731,0.961,0.134,0.714,5.21,52.62,0.366,0.093,0.163,0.326,0.884,0.0,0.614,0.382,1.154,1.275,0.577,0.033
normalized_vfold_3OXE_2.pdb,4.706,0.0,0.681,0.944,0.0,0.639,6.909,30.3,0.375,0.105,0.186,0.314,0.895,0.0,0.558,0.453,1.42,1.504,0.002,0.038
normalized_trrosettarna_3OXE_2.pdb,2.639,0.0,0.61,0.784,0.378,0.578,4.324,30.87,0.41,0.081,0.186,0.384,0.988,0.0,0.787,0.217,1.398,1.221,0.673,0.039
normalized_isrna_3OXE.pdb,18.851,2.629335850157233e-06,0.673,0.881,0.0,0.666,28.022,24.41,0.14,0.07,0.116,0.14,0.233,0.0,0.219,1.921,1.583,1.706,0.329,0.041
normalized_3drna_3OXE_4.pdb,11.84,0.0,0.597,0.92,0.0,0.535,19.825,35.12,0.198,0.093,0.116,0.186,0.395,0.0,0.288,1.183,1.699,1.464,0.386,0.026
normalized_rnacomposer_3OXE.pdb,6.801,0.0,0.839,0.962,0.63,0.819,8.109,15.06,0.27,0.093,0.151,0.256,0.581,0.0,0.49,0.68,0.877,1.762,0.737,0.035
normalized_simrna_3OXE.pdb,16.98,1.1121196130670086e-08,0.708,0.881,0.0,0.701,23.989,23.32,0.183,0.081,0.116,0.198,0.337,0.0,0.278,1.788,1.678,2.227,0.069,0.031
normalized_vfoldpipeline_3OXE_2.pdb,6.842,0.0,0.861,0.944,0.772,0.84,7.945,17.23,0.285,0.105,0.163,0.302,0.57,0.0,0.497,0.68,0.985,2.241,0.697,0.039
normalized_alphafold3_3OXE_1.pdb,2.68,0.0,0.923,0.981,0.714,0.922,2.903,13.0,0.41,0.105,0.233,0.337,0.965,0.0,0.747,0.27,0.652,2.437,0.849,0.034
