,RMSD,P-VALUE,INF-ALL,INF-WC,INF-NWC,INF-STACK,DI,MCQ,GDT-TS,GDT-TS@1,GDT-TS@2,GDT-TS@4,GDT-TS@8,CLASH,TM-score,BARNABA-RMSD,BARNABA-eRMSD,BARNABA-eSCORE,lDDT,CAD
normalized_vfold_4AOB_1.pdb,13.757,1.1102230246251563e-16,0.589,0.83,0.0,0.527,23.37,33.69,0.351,0.138,0.266,0.447,0.553,0.0,0.398,1.39,1.787,1.146,0.0,0.663
normalized_rnacomposer_4AOB.pdb,24.031,0.0062669548627808,0.796,0.885,0.447,0.782,30.19,26.4,0.253,0.16,0.202,0.287,0.362,0.0,0.234,2.483,1.361,1.306,0.491,0.72
normalized_simrna_4AOB.pdb,17.95,2.1144541118012228e-09,0.648,0.598,0.354,0.686,27.684,27.09,0.223,0.117,0.213,0.234,0.33,0.0,0.222,1.886,1.596,1.937,0.022,0.682
normalized_trrosettarna_4AOB_1.pdb,1.971,0.0,0.597,0.643,0.0,0.631,3.3,33.19,0.864,0.5,0.957,1.0,1.0,0.0,0.882,0.166,1.429,1.206,0.676,0.827
normalized_3drna_4AOB_1.pdb,3.046,0.0,0.793,0.902,0.5,0.765,3.839,23.9,0.808,0.606,0.734,0.894,1.0,0.0,0.803,0.296,1.067,1.933,0.74,0.841
normalized_isrna_4AOB.pdb,21.825,9.87527142304323e-05,0.749,0.813,0.0,0.748,29.149,28.54,0.271,0.117,0.181,0.34,0.447,0.0,0.269,2.235,1.535,1.552,0.314,0.666
normalized_rhofold_4AOB.pdb,2.806,0.0,0.734,0.748,0.224,0.765,3.82,50.22,0.683,0.17,0.617,0.947,1.0,0.0,0.726,0.284,1.117,1.44,0.611,0.799
normalized_rnajp_4AOB.pdb,25.187,0.0318130314693055,0.74,0.813,0.167,0.768,34.02,27.53,0.261,0.138,0.213,0.319,0.372,0.0,0.246,2.565,1.43,1.752,0.011,0.688
normalized_vfoldpipeline_4AOB_1.pdb,14.995,2.8088642523016464e-14,0.576,0.791,0.0,0.523,26.055,31.78,0.287,0.138,0.234,0.351,0.425,0.0,0.324,1.513,1.799,0.984,0.357,0.62
normalized_alphafold3_4AOB_1.pdb,1.151,0.0,0.921,0.984,0.612,0.917,1.249,17.09,0.92,0.723,0.957,1.0,1.0,0.0,0.918,0.117,0.363,2.271,0.919,0.935
