,RMSD,P-VALUE,INF-ALL,INF-WC,INF-NWC,INF-STACK,DI,MCQ,GDT-TS,GDT-TS@1,GDT-TS@2,GDT-TS@4,GDT-TS@8,CLASH,TM-score,BARNABA-RMSD,BARNABA-eRMSD,BARNABA-eSCORE,lDDT,CAD
normalized_3drna_4LVW_4.pdb,21.421,0.0002919176850387,0.488,0.307,0.0,0.593,43.884,29.38,0.211,0.135,0.191,0.225,0.292,0.0,0.241,2.163,2.113,1.88,0.336,0.603
normalized_isrna_4LVW.pdb,24.378,0.0362119972514691,0.517,0.341,,0.618,47.175,19.67,0.197,0.112,0.146,0.213,0.315,0.0,0.234,2.457,1.922,1.93,0.335,0.638
normalized_vfoldpipeline_4LVW_3.pdb,29.184,0.808824079275907,0.534,0.307,0.0,0.654,54.662,17.52,0.194,0.124,0.169,0.213,0.27,0.0,0.338,2.938,2.058,2.686,0.381,0.627
normalized_rnajp_4LVW.pdb,30.278,0.9307704270798852,0.565,0.335,0.354,0.672,53.613,20.79,0.337,0.157,0.348,0.382,0.461,0.0,0.356,3.014,1.921,2.665,0.052,0.637
normalized_rhofold_4LVW.pdb,7.343,0.0,0.502,0.123,0.0,0.709,14.639,67.71,0.371,0.101,0.169,0.416,0.798,0.0,0.404,0.745,2.354,0.997,0.0,0.631
normalized_simrna_4LVW.pdb,15.355,4.90046891954421e-12,0.543,0.4,0.0,0.646,28.296,23.07,0.185,0.079,0.146,0.225,0.292,0.0,0.214,1.671,2.097,2.463,0.007,0.638
normalized_trrosettarna_4LVW_1.pdb,2.049,0.0,0.546,0.711,0.125,0.529,3.753,28.23,0.82,0.382,0.899,1.0,1.0,0.0,0.846,0.182,1.428,1.951,0.7,0.84
normalized_rnacomposer_4LVW.pdb,28.42,0.6733779258863588,0.489,0.341,0.0,0.583,58.067,19.92,0.205,0.157,0.18,0.202,0.281,0.0,0.217,2.847,2.003,1.786,0.384,0.613
normalized_vfold_4LVW.pdb,27.013,0.3696913057436842,0.456,0.335,0.0,0.553,59.285,27.79,0.183,0.112,0.146,0.202,0.27,0.0,0.265,2.697,2.028,1.639,0.008,0.61
