,RMSD,P-VALUE,INF-ALL,INF-WC,INF-NWC,INF-STACK,DI,MCQ,GDT-TS,GDT-TS@1,GDT-TS@2,GDT-TS@4,GDT-TS@8,CLASH,TM-score,BARNABA-RMSD,BARNABA-eRMSD,BARNABA-eSCORE,lDDT,CAD
normalized_isrna_4OQU.pdb,22.37,0.0001010758993974,0.742,0.826,,0.719,30.164,21.72,0.247,0.113,0.165,0.278,0.433,0.0,0.271,2.298,1.482,2.458,0.412,0.688
normalized_vfold_4OQU_5.pdb,25.377,0.0203799445153865,0.65,0.826,0.0,0.596,39.012,29.06,0.286,0.103,0.227,0.371,0.443,0.0,0.283,2.644,1.52,1.947,0.009,0.694
normalized_trrosettarna_4OQU_2.pdb,3.369,0.0,0.534,0.719,0.0,0.508,6.312,32.54,0.678,0.186,0.608,0.917,1.0,0.0,0.708,0.301,1.518,1.524,0.623,0.806
normalized_rhofold_4OQU.pdb,22.803,0.0002548309940806,0.261,0.0,0.0,0.395,87.444,59.41,0.124,0.062,0.083,0.144,0.206,0.0,0.189,2.305,2.532,0.916,0.201,0.515
normalized_rnajp_4OQU.pdb,22.975,0.0003618110589041,0.74,0.826,0.258,0.73,31.058,20.97,0.229,0.113,0.165,0.289,0.35,0.0,0.234,2.403,1.417,2.731,0.014,0.707
normalized_3drna_4OQU_5.pdb,20.998,3.7601765896511097e-06,0.695,0.838,0.0,0.667,30.217,28.53,0.224,0.134,0.186,0.237,0.34,0.0,0.21,2.156,1.605,2.177,0.376,0.661
normalized_rnacomposer_4OQU.pdb,21.827,2.9320716237901667e-05,0.728,0.826,0.258,0.712,29.97,22.83,0.227,0.134,0.165,0.268,0.34,0.0,0.241,2.275,1.455,2.125,0.45,0.703
normalized_vfoldpipeline_4OQU_3.pdb,16.471,1.3414824806545766e-12,0.555,0.751,0.0,0.497,29.679,29.93,0.216,0.083,0.155,0.258,0.371,0.0,0.272,1.699,1.703,1.509,0.303,0.641
normalized_simrna_4OQU.pdb,19.923,1.9279798912918977e-07,0.767,0.912,0.204,0.744,25.971,24.07,0.227,0.103,0.175,0.258,0.371,0.0,0.222,2.102,1.396,2.831,0.015,0.726
normalized_alphafold3_4OQU_1.pdb,2.136,0.0,0.911,0.985,0.707,0.893,2.344,11.05,0.825,0.515,0.794,0.99,1.0,0.0,0.834,0.188,0.731,3.38,0.828,0.889
