,RMSD,P-VALUE,INF-ALL,INF-WC,INF-NWC,INF-STACK,DI,MCQ,GDT-TS,GDT-TS@1,GDT-TS@2,GDT-TS@4,GDT-TS@8,CLASH,TM-score,BARNABA-RMSD,BARNABA-eRMSD,BARNABA-eSCORE,lDDT,CAD
normalized_vfold_4PQV_3.pdb,19.77,0.0218660797666596,0.407,0.292,0.0,0.481,48.576,29.9,0.232,0.118,0.221,0.279,0.309,0.0,0.208,2.069,2.017,1.024,0.004,0.577
normalized_mcsym_4PQV_4.pdb,17.59,0.0006236918167135,0.397,0.238,0.236,0.481,44.26,38.02,0.246,0.132,0.221,0.294,0.338,0.0,0.227,1.784,2.144,1.728,0.011,0.58
normalized_isrna_4PQV.pdb,26.429,0.9537823482357636,0.513,0.282,0.0,0.615,51.536,26.06,0.272,0.147,0.25,0.309,0.382,0.0,0.234,2.721,1.902,1.53,0.321,0.579
normalized_trrosettarna_4PQV_2.pdb,3.37,0.0,0.525,0.758,0.0,0.476,6.416,34.08,0.676,0.221,0.574,0.912,1.0,0.0,0.587,0.305,1.512,1.069,0.61,0.763
normalized_rnajp_4PQV.pdb,26.01,0.926490334683848,0.516,0.233,0.0,0.66,50.394,24.31,0.25,0.132,0.221,0.294,0.353,0.0,0.206,2.665,1.989,1.926,0.015,0.593
normalized_rhofold_4PQV.pdb,18.454,0.0029994244821783,0.519,0.154,0.289,0.636,35.555,66.5,0.257,0.118,0.206,0.309,0.397,0.0,0.238,1.892,1.984,1.096,0.0,0.577
normalized_3drna_4PQV_2.pdb,19.502,0.0151605937743296,0.334,0.252,0.0,0.389,58.369,39.96,0.188,0.103,0.162,0.221,0.265,0.0,0.146,1.998,2.092,0.872,0.215,0.542
normalized_vfoldpipeline_4PQV_1.pdb,22.174,0.2479161671961449,0.378,0.303,0.0,0.424,58.612,32.66,0.213,0.118,0.162,0.235,0.338,0.0,0.179,2.29,1.996,0.988,0.276,0.554
normalized_simrna_4PQV.pdb,24.688,0.7628333001716512,0.42,0.218,0.0,0.544,58.717,25.88,0.206,0.147,0.176,0.235,0.265,0.0,0.196,2.536,2.214,1.788,0.063,0.594
normalized_rnacomposer_4PQV.pdb,20.522,0.0548917975814263,0.419,0.273,0.577,0.472,48.979,32.18,0.21,0.103,0.176,0.25,0.309,0.0,0.237,2.166,2.083,1.251,0.32,0.567
normalized_alphafold3_4PQV_1.pdb,11.389,1.2554512984763731e-11,0.831,0.917,0.408,0.816,13.708,17.06,0.518,0.221,0.412,0.691,0.75,0.0,0.438,1.198,1.213,2.198,0.665,0.801
