,RMSD,P-VALUE,INF-ALL,INF-WC,INF-NWC,INF-STACK,DI,MCQ,GDT-TS,GDT-TS@1,GDT-TS@2,GDT-TS@4,GDT-TS@8,CLASH,TM-score,BARNABA-RMSD,BARNABA-eRMSD,BARNABA-eSCORE,lDDT,CAD
normalized_rhofold_4WFL.pdb,15.158,0.0,0.393,0.387,0.075,0.48,38.525,55.84,0.121,0.057,0.095,0.143,0.191,0.0,0.278,1.622,2.195,0.867,0.274,0.018
normalized_trrosettarna_4WFL_1.pdb,3.01,0.0,0.627,0.806,0.0,0.631,4.803,27.55,0.138,0.086,0.114,0.152,0.2,0.0,0.748,0.268,1.428,2.354,0.655,0.02
normalized_rnajp_4WFL.pdb,31.513,0.7246569338750841,0.596,0.378,0.151,0.725,52.847,21.41,0.093,0.057,0.076,0.105,0.133,0.0,0.282,3.24,1.985,3.271,0.025,0.018
normalized_vfold_4WFL_5.pdb,25.891,0.0057554460705436,0.496,0.361,0.0,0.624,52.247,27.62,0.095,0.057,0.076,0.105,0.143,0.0,0.268,2.668,2.051,2.154,0.003,0.019
normalized_isrna_4WFL.pdb,32.428,0.8654491881514993,0.554,0.378,0.213,0.664,58.511,20.78,0.098,0.067,0.086,0.114,0.124,0.0,0.254,3.331,2.005,2.581,0.288,0.019
normalized_simrna_4WFL.pdb,29.685,0.3375987279416119,0.559,0.356,0.101,0.702,53.066,24.02,0.121,0.057,0.095,0.152,0.181,0.0,0.292,3.054,2.21,3.244,0.013,0.018
normalized_vfoldpipeline_4WFL_1.pdb,24.409,0.0004040351461876,0.539,0.36,0.151,0.65,45.282,19.97,0.117,0.067,0.095,0.143,0.162,0.0,0.255,2.531,2.073,2.998,0.358,0.018
normalized_rnacomposer_4WFL.pdb,31.708,0.7596416669951112,0.513,0.378,0.123,0.613,61.775,25.38,0.1,0.067,0.086,0.105,0.143,0.0,0.256,3.247,2.067,2.109,0.334,0.016
normalized_3drna_4WFL_1.pdb,25.54,0.0032504630713551,0.489,0.309,0.151,0.601,52.219,38.37,0.098,0.057,0.086,0.105,0.143,0.0,0.217,2.638,2.068,2.047,0.315,0.019
normalized_alphafold3_4WFL_1.pdb,2.001,0.0,0.933,0.974,0.798,0.932,2.145,9.31,0.143,0.076,0.133,0.152,0.209,0.0,0.798,0.211,0.489,3.993,0.831,0.018
