,RMSD,P-VALUE,INF-ALL,INF-WC,INF-NWC,INF-STACK,DI,MCQ,GDT-TS,GDT-TS@1,GDT-TS@2,GDT-TS@4,GDT-TS@8,CLASH,TM-score,BARNABA-RMSD,BARNABA-eRMSD,BARNABA-eSCORE,lDDT,CAD
normalized_3drna_4ZNP_2.pdb,20.303,0.0103723298907561,0.539,0.621,0.0,0.552,37.676,46.04,0.267,0.164,0.26,0.288,0.356,0.0,0.244,2.095,1.889,0.807,0.294,0.555
normalized_rnacomposer_4ZNP.pdb,16.89,1.2825849560915705e-05,0.577,0.772,0.0,0.554,29.261,35.43,0.36,0.192,0.26,0.384,0.603,0.0,0.283,1.674,1.659,1.036,0.167,0.647
normalized_simrna_4ZNP.pdb,24.311,0.465787394406509,0.607,0.611,0.0,0.633,40.077,31.27,0.349,0.219,0.315,0.397,0.466,0.0,0.323,2.46,1.708,1.7,0.044,0.648
normalized_vfoldpipeline_4ZNP_3.pdb,25.694,0.7524862711435185,0.468,0.658,0.0,0.428,54.851,38.99,0.202,0.082,0.192,0.247,0.288,0.0,0.176,2.583,1.783,0.652,0.231,0.542
normalized_vfold_4ZNP_4.pdb,21.187,0.0342841275954124,0.621,0.732,0.0,0.639,34.144,38.4,0.226,0.123,0.205,0.26,0.315,0.0,0.201,2.178,1.701,0.935,0.002,0.635
normalized_isrna_4ZNP.pdb,24.635,0.5375761364202791,0.499,0.655,0.0,0.481,49.409,34.16,0.202,0.096,0.151,0.233,0.329,0.0,0.158,2.481,1.933,1.06,0.218,0.585
normalized_rnajp_4ZNP.pdb,28.988,0.994006391381782,0.749,0.801,0.0,0.772,38.714,28.63,0.438,0.151,0.329,0.603,0.671,0.0,0.388,2.878,1.327,1.476,0.011,0.703
normalized_rhofold_4ZNP.pdb,4.669,0.0,0.676,0.856,0.0,0.633,6.909,51.32,0.62,0.178,0.507,0.794,1.0,0.0,0.571,0.418,1.29,1.226,0.577,0.725
normalized_trrosettarna_4ZNP_1.pdb,3.186,0.0,0.483,0.732,0.0,0.438,6.593,36.38,0.774,0.329,0.822,0.945,1.0,0.0,0.737,0.254,1.551,1.214,0.64,0.791
normalized_alphafold3_4ZNP_1.pdb,3.808,0.0,0.841,0.935,0.667,0.815,4.527,22.1,0.74,0.411,0.699,0.863,0.986,0.0,0.683,0.354,1.018,2.025,0.707,0.81
