,RMSD,P-VALUE,INF-ALL,INF-WC,INF-NWC,INF-STACK,DI,MCQ,GDT-TS,GDT-TS@1,GDT-TS@2,GDT-TS@4,GDT-TS@8,CLASH,TM-score,BARNABA-RMSD,BARNABA-eRMSD,BARNABA-eSCORE,lDDT,CAD
normalized_trrosettarna_5NWQ_1.pdb,2.195,1.942890293094024e-15,0.53,0.684,0.0,0.583,4.142,37.54,0.844,0.5,0.95,0.95,0.975,0.0,0.594,0.172,1.69,0.548,0.663,0.775
normalized_vfold_5NWQ_2.pdb,16.473,0.5289543611862528,0.329,0.0,0.0,0.525,50.144,33.66,0.231,0.125,0.2,0.25,0.35,0.0,0.177,1.73,2.384,0.394,0.0,0.521
normalized_simrna_5NWQ.pdb,17.116,0.6664794956317266,0.337,0.0,0.0,0.524,50.723,27.42,0.225,0.125,0.175,0.275,0.325,0.0,0.167,1.796,2.572,0.918,0.009,0.471
normalized_mcsym_5NWQ_3.pdb,15.267,0.275242792645291,0.281,0.0,0.0,0.438,54.351,39.98,0.194,0.1,0.15,0.225,0.3,0.0,0.17,1.61,2.572,0.717,0.004,0.476
normalized_rnacomposer_5NWQ.pdb,16.821,0.6048601817651327,0.253,0.0,0.0,0.402,66.478,26.91,0.2,0.125,0.15,0.225,0.3,0.0,0.136,1.74,2.44,0.544,0.239,0.45
normalized_vfoldpipeline_5NWQ_2.pdb,16.212,0.4711734049386992,0.25,0.0,,0.396,64.91,35.63,0.219,0.125,0.2,0.25,0.3,0.0,0.177,1.669,2.317,0.363,0.211,0.477
normalized_isrna_5NWQ.pdb,18.828,0.916428250013218,0.365,0.0,0.0,0.546,51.564,23.96,0.237,0.125,0.175,0.275,0.375,0.0,0.2,1.954,2.439,0.756,0.258,0.518
normalized_3drna_5NWQ_4.pdb,18.307,0.8624754360332215,0.194,0.0,,0.283,94.148,40.99,0.188,0.15,0.15,0.2,0.25,0.0,0.152,1.878,2.453,0.348,0.196,0.425
normalized_rhofold_5NWQ.pdb,8.138,2.587104654394601e-06,0.482,0.533,0.289,0.538,16.9,54.21,0.438,0.125,0.275,0.55,0.8,0.0,0.177,0.849,1.796,0.424,0.444,0.604
normalized_rnajp_5NWQ.pdb,,,0.278,,0.0,0.404,,,0.212,0.1,0.15,0.275,0.325,0.0,0.13,,,0.239,0.0,0.013
