,RMSD,P-VALUE,INF-ALL,INF-WC,INF-NWC,INF-STACK,DI,MCQ,GDT-TS,GDT-TS@1,GDT-TS@2,GDT-TS@4,GDT-TS@8,CLASH,TM-score,BARNABA-RMSD,BARNABA-eRMSD,BARNABA-eSCORE,lDDT,CAD
normalized_vfold_6FZ0_5.pdb,25.455,0.9999625280223726,0.258,0.0,0.0,0.433,98.587,36.58,0.175,0.106,0.149,0.192,0.255,0.0,0.197,,,0.597,0.001,0.05
normalized_simrna_6FZ0.pdb,25.277,0.9999436173152912,0.355,0.0,,0.543,71.148,27.92,0.197,0.106,0.17,0.234,0.277,0.0,0.214,,,0.938,0.043,0.049
normalized_rnacomposer_6FZ0.pdb,26.397,0.9999963208083208,0.302,0.0,0.0,0.478,87.547,35.61,0.186,0.128,0.149,0.213,0.255,0.0,0.188,,,0.677,0.254,0.051
normalized_trrosettarna_6FZ0_1.pdb,3.583,1.1102230246251563e-16,0.54,0.636,0.158,0.595,6.639,36.82,0.298,0.128,0.213,0.34,0.511,0.0,0.443,,,0.491,0.592,0.058
normalized_3drna_6FZ0_4.pdb,23.236,0.9968083158991868,0.141,0.0,0.0,0.219,164.989,49.87,0.17,0.106,0.149,0.192,0.234,0.0,0.175,,,0.416,0.172,0.046
normalized_rhofold_6FZ0.pdb,7.917,3.664789249846478e-09,0.479,0.435,0.0,0.583,16.545,63.13,0.351,0.17,0.277,0.383,0.575,0.0,0.301,,,0.584,0.408,0.064
normalized_rnajp_6FZ0.pdb,25.661,0.9999769389643656,0.273,0.0,0.0,0.412,94.09,32.76,0.202,0.128,0.17,0.234,0.277,0.0,0.226,,,0.922,0.005,0.052
normalized_vfoldpipeline_6FZ0_2.pdb,25.583,0.9999722514977036,0.325,0.0,,0.478,78.658,28.8,0.181,0.106,0.17,0.213,0.234,0.0,0.209,,,0.752,0.25,0.048
normalized_isrna_6FZ0.pdb,24.849,0.999854486851554,0.378,0.0,,0.559,65.783,31.54,0.186,0.106,0.149,0.213,0.277,0.0,0.219,,,0.781,0.197,0.048
normalized_alphafold3_6FZ0_5.pdb,23.725,0.9986462731440718,0.413,0.0,,0.569,57.442,24.44,0.192,0.128,0.192,0.213,0.234,0.0,0.178,,,0.748,0.249,0.048
