,RMSD,P-VALUE,INF-ALL,INF-WC,INF-NWC,INF-STACK,DI,MCQ,GDT-TS,GDT-TS@1,GDT-TS@2,GDT-TS@4,GDT-TS@8,CLASH,TM-score,BARNABA-RMSD,BARNABA-eRMSD,BARNABA-eSCORE,lDDT,CAD
normalized_isrna_6N5P.pdb,32.268,0.1994009639452867,0.517,0.513,0.0,0.562,62.458,27.58,0.109,0.056,0.079,0.103,0.198,0.0,0.199,3.286,1.893,2.56,0.276,0.039
normalized_vfoldpipeline_6N5P_2.pdb,28.977,0.0037676645824759,0.524,0.5,0.0,0.569,55.298,25.85,0.113,0.056,0.071,0.119,0.206,0.0,0.195,2.952,1.802,3.042,0.363,0.033
normalized_rnajp_6N5P.pdb,35.311,0.8014045546846593,0.544,0.541,0.183,0.574,64.894,29.1,0.099,0.056,0.064,0.103,0.175,0.0,0.151,3.575,1.793,3.052,0.017,0.033
normalized_rhofold_6N5P.pdb,3.875,0.0,0.623,0.719,0.191,0.641,6.221,51.38,0.316,0.056,0.127,0.278,0.802,0.0,0.707,0.358,1.342,1.636,0.554,0.036
normalized_3drna_6N5P_2.pdb,26.165,1.1448461985807956e-05,0.46,0.514,0.0,0.486,56.861,40.49,0.091,0.048,0.071,0.095,0.151,0.0,0.191,2.695,1.879,2.027,0.313,0.036
normalized_trrosettarna_6N5P_1.pdb,3.259,0.0,0.521,0.691,0.2,0.496,6.251,35.38,0.355,0.071,0.135,0.286,0.929,0.0,0.833,0.312,1.434,2.097,0.641,0.04
normalized_rnacomposer_6N5P.pdb,31.675,0.1203334238397083,0.505,0.534,0.0,0.539,62.717,27.73,0.101,0.048,0.064,0.119,0.175,0.0,0.195,3.208,1.795,2.223,0.341,0.034
normalized_vfold_6N5P_5.pdb,32.172,0.1847666791848627,0.49,0.534,0.0,0.522,65.621,34.53,0.143,0.064,0.079,0.135,0.294,0.0,0.264,3.274,1.842,2.041,0.0,0.035
normalized_simrna_6N5P.pdb,37.332,0.9755408988606984,0.529,0.487,0.0,0.597,70.571,28.6,0.129,0.056,0.095,0.135,0.23,0.0,0.264,3.767,2.003,2.72,0.019,0.042
