,RMSD,P-VALUE,INF-ALL,INF-WC,INF-NWC,INF-STACK,DI,MCQ,GDT-TS,GDT-TS@1,GDT-TS@2,GDT-TS@4,GDT-TS@8,CLASH,TM-score,BARNABA-RMSD,BARNABA-eRMSD,BARNABA-eSCORE,lDDT,CAD
normalized_simrna_6PRV.pdb,17.552,0.0322066149929584,0.627,0.845,0.0,0.614,27.996,27.1,0.0,0.0,0.0,0.0,0.0,0.0,0.19,1.828,1.907,1.179,0.013,
normalized_vfold_6PRV_4.pdb,16.928,0.0140436173102341,0.548,0.877,,0.463,30.87,29.03,0.0,0.0,0.0,0.0,0.0,0.0,0.193,1.765,1.733,0.831,0.002,
normalized_rnacomposer_6PRV.pdb,10.493,3.939725490287316e-09,0.682,0.904,0.354,0.652,15.382,19.36,0.0,0.0,0.0,0.0,0.0,0.0,0.245,1.09,1.629,1.02,0.423,
normalized_trrosettarna_6PRV_3.pdb,1.995,0.0,0.458,0.586,0.354,0.455,4.357,37.44,0.0,0.0,0.0,0.0,0.0,0.0,0.731,0.183,1.419,0.559,0.65,
normalized_3drna_6PRV_1.pdb,15.392,0.0011481451323487,0.652,0.867,0.0,0.639,23.619,28.06,0.0,0.0,0.0,0.0,0.0,0.0,0.21,1.61,1.555,0.692,0.363,
normalized_rnajp_6PRV.pdb,16.025,0.0034916606929985,0.627,0.904,0.204,0.587,25.561,24.86,0.0,0.0,0.0,0.0,0.0,0.0,0.261,1.658,1.664,1.188,0.024,
normalized_rhofold_6PRV.pdb,2.549,0.0,0.725,1.0,0.177,0.704,3.515,48.43,0.0,0.0,0.0,0.0,0.0,0.0,0.565,0.276,1.003,0.727,0.585,
normalized_vfoldpipeline_6PRV_1.pdb,8.814,1.0178691223217127e-11,0.672,0.877,0.0,0.667,13.122,19.76,0.0,0.0,0.0,0.0,0.0,0.0,0.335,0.892,1.641,1.128,0.431,
normalized_isrna_6PRV.pdb,20.819,0.4863985083633679,0.621,0.904,0.0,0.582,33.525,25.08,0.0,0.0,0.0,0.0,0.0,0.0,0.184,2.178,1.772,1.065,0.31,
