,RMSD,P-VALUE,INF-ALL,INF-WC,INF-NWC,INF-STACK,DI,MCQ,GDT-TS,GDT-TS@1,GDT-TS@2,GDT-TS@4,GDT-TS@8,CLASH,TM-score,BARNABA-RMSD,BARNABA-eRMSD,BARNABA-eSCORE,lDDT,CAD
normalized_vfold_6UES_4.pdb,28.836,0.0156872889628803,0.456,0.338,0.0,0.55,63.203,32.54,0.193,0.126,0.168,0.218,0.261,0.0,0.226,3.001,2.075,2.28,0.004,0.593
normalized_rnajp_6EUS.pdb,30.976,0.1677180221735221,0.499,0.33,0.0,0.601,62.089,26.57,0.218,0.101,0.16,0.286,0.328,0.0,0.23,3.192,1.984,3.349,0.021,0.612
normalized_rhofold_6UES.pdb,16.381,0.0,0.295,0.267,0.0,0.433,55.457,57.6,0.208,0.05,0.118,0.227,0.437,0.0,0.308,1.685,2.37,0.827,0.308,0.597
normalized_trrosettarna_6UES_3.pdb,4.306,0.0,0.549,0.672,0.0,0.533,7.85,35.53,0.569,0.151,0.429,0.706,0.992,0.0,0.628,0.431,1.536,1.986,0.621,0.782
normalized_simrna_6UES.pdb,35.488,0.9385849414499412,0.459,0.318,0.0,0.555,77.358,26.05,0.162,0.101,0.135,0.185,0.227,0.0,0.226,3.601,2.121,3.082,0.019,0.602
normalized_3drna_6UES_2.pdb,28.695,0.0128553781059217,0.463,0.327,0.0,0.556,61.945,30.0,0.166,0.067,0.126,0.21,0.261,0.0,0.203,2.936,2.102,2.259,0.285,0.578
normalized_rnacomposer_6UES.pdb,29.157,0.024191868870644,0.483,0.334,0.0,0.583,60.323,27.52,0.189,0.109,0.143,0.218,0.286,0.0,0.224,3.019,2.022,2.335,0.324,0.619
