,RMSD,P-VALUE,INF-ALL,INF-WC,INF-NWC,INF-STACK,DI,MCQ,GDT-TS,GDT-TS@1,GDT-TS@2,GDT-TS@4,GDT-TS@8,CLASH,TM-score,BARNABA-RMSD,BARNABA-eRMSD,BARNABA-eSCORE,lDDT,CAD
normalized_mcsym_7ELQ_3.pdb,6.253,7.611811181362782e-11,0.571,0.528,0.289,0.619,10.959,32.15,0.389,0.156,0.244,0.422,0.733,0.0,0.3,0.654,1.67,0.884,0.001,0.043
normalized_rnacomposer_7ELQ.pdb,9.305,1.254540104134172e-06,0.711,0.802,0.289,0.715,13.087,21.78,0.289,0.156,0.244,0.289,0.467,0.0,0.234,0.989,1.368,0.892,0.6,0.055
normalized_vfold_7ELQ_1.pdb,6.606,2.7018270953860224e-10,0.73,0.802,,0.738,9.044,28.05,0.289,0.156,0.222,0.311,0.467,0.0,0.282,0.679,1.312,0.841,0.014,0.053
normalized_simrna_7ELQ.pdb,4.876,3.8036240823657873e-13,0.723,0.688,0.0,0.789,6.747,19.91,0.333,0.178,0.222,0.289,0.644,0.0,0.288,0.495,1.61,1.277,0.011,0.049
normalized_trrosettarna_7ELQ_3.pdb,2.192,0.0,0.687,0.667,0.408,0.743,3.19,25.91,0.489,0.2,0.356,0.444,0.956,0.0,0.558,0.193,1.384,0.867,0.695,0.05
normalized_rnajp_7ELQ.pdb,6.554,2.248917163605313e-10,0.731,0.775,0.289,0.755,8.97,23.75,0.306,0.156,0.244,0.311,0.511,0.0,0.287,0.662,1.426,1.244,0.028,0.052
normalized_rhofold_7ELQ.pdb,8.956,4.754489035807552e-07,0.605,0.612,0.0,0.695,14.808,55.96,0.283,0.156,0.222,0.289,0.467,0.0,0.263,0.941,1.801,0.558,0.456,0.051
normalized_3drna_7ELQ_4.pdb,7.904,2.0581821746912258e-08,0.721,0.802,0.5,0.707,10.96,25.23,0.306,0.111,0.2,0.4,0.511,0.0,0.292,0.854,1.501,1.085,0.525,0.053
normalized_isrna_7ELQ.pdb,9.129,7.71643982655501e-07,0.727,0.775,0.0,0.767,12.55,18.87,0.328,0.178,0.267,0.333,0.533,0.0,0.29,0.963,1.485,1.095,0.498,0.05
normalized_vfoldpipeline_7ELQ_2.pdb,8.395,9.293433778090333e-08,0.709,0.839,0.0,0.712,11.838,21.64,0.289,0.178,0.222,0.289,0.467,0.0,0.284,0.868,1.553,1.277,0.538,0.042
normalized_alphafold3_7ELQ_2.pdb,1.565,0.0,0.86,0.875,0.707,0.87,1.82,13.71,0.494,0.222,0.356,0.444,0.956,0.0,0.556,0.162,0.533,1.384,0.857,0.052
