,RMSD,P-VALUE,INF-ALL,INF-WC,INF-NWC,INF-STACK,DI,MCQ,GDT-TS,GDT-TS@1,GDT-TS@2,GDT-TS@4,GDT-TS@8,CLASH,TM-score,BARNABA-RMSD,BARNABA-eRMSD,BARNABA-eSCORE,lDDT,CAD
normalized_simrna_8SA3.pdb,37.151,1.676172803949383e-05,0.631,0.712,0.0,0.663,58.851,28.34,0.112,0.048,0.081,0.119,0.2,0.0,0.173,3.75,1.783,3.641,0.004,0.648
normalized_rnacomposer_8SA3.pdb,43.412,0.2515051804521372,0.643,0.78,0.132,0.642,67.54,27.4,0.151,0.057,0.1,0.152,0.295,0.0,0.231,4.361,1.536,2.708,0.452,0.672
normalized_trrosettarna_8SA3_3.pdb,19.578,0.0,0.547,0.6,0.111,0.584,35.775,37.26,0.487,0.114,0.343,0.638,0.852,0.0,0.678,1.92,1.7,2.272,0.556,0.721
normalized_3drna_8SA3_5.pdb,27.209,0.0,0.527,0.676,0.0,0.522,51.639,40.42,0.114,0.057,0.081,0.124,0.195,0.0,0.278,2.769,2.0,2.116,0.206,0.554
normalized_rhofold_8SA3.pdb,24.941,0.0,0.282,0.0,0.0,0.501,88.529,75.59,0.148,0.019,0.062,0.162,0.348,0.0,0.311,2.474,3.966,3.282,0.0,0.461
normalized_rnajp_8SA3.pdb,31.924,8.79463168956818e-13,0.713,0.774,0.191,0.743,44.744,24.42,0.198,0.067,0.138,0.238,0.348,0.0,0.311,3.233,1.461,3.769,0.042,0.69
normalized_vfoldpipeline_8SA3_1.pdb,34.847,2.8425156894940077e-08,0.573,0.739,0.0,0.557,60.812,33.96,0.119,0.033,0.071,0.152,0.219,0.0,0.226,3.553,1.757,2.254,0.311,0.595
