,RMSD,P-VALUE,INF-ALL,INF-WC,INF-NWC,INF-STACK,DI,MCQ,GDT-TS,GDT-TS@1,GDT-TS@2,GDT-TS@4,GDT-TS@8,CLASH,TM-score,BARNABA-RMSD,BARNABA-eRMSD,BARNABA-eSCORE,lDDT,CAD
normalized_simrna_rp03.pdb,17.663,2.834665078221832e-07,0.702,0.854,0.0,0.704,25.163,23.79,0.306,0.119,0.214,0.321,0.571,0.0,0.302,1.809,1.585,2.133,0.075,0.697
normalized_vfold_rp03.pdb,15.793,7.645209465501066e-10,0.636,0.869,0.0,0.589,24.834,30.87,0.348,0.155,0.226,0.405,0.607,0.0,0.305,1.719,1.562,1.55,0.012,0.645
normalized_mcsym_rp03.pdb,15.965,1.3771813689444912e-09,0.744,0.92,0.0,0.726,21.466,34.84,0.316,0.107,0.226,0.345,0.583,0.0,0.273,1.607,1.376,1.978,0.017,0.686
normalized_rnacomposer_rp03.pdb,18.272,1.5495923577080184e-06,0.771,0.939,0.507,0.732,23.694,19.38,0.363,0.191,0.274,0.429,0.559,0.0,0.327,1.939,1.195,1.548,0.55,0.741
normalized_3drna_rp03_4.pdb,9.557,0.0,0.71,0.895,0.218,0.68,13.469,33.28,0.423,0.155,0.274,0.512,0.75,0.0,0.407,0.994,1.368,1.654,0.499,0.702
normalized_vfoldpipeline_rp03.pdb,6.517,0.0,0.854,0.941,0.772,0.831,7.628,18.3,0.545,0.369,0.452,0.536,0.821,0.0,0.494,0.648,0.995,2.201,0.693,0.815
normalized_trrosettarna_rp03_1.pdb,2.378,0.0,0.835,0.98,0.802,0.786,2.849,24.91,0.819,0.464,0.821,0.988,1.0,0.0,0.797,0.217,0.904,1.705,0.735,0.859
normalized_rnajp_rp03.pdb,22.48,0.0100020042979507,0.55,0.635,0.0,0.563,40.891,36.77,0.259,0.131,0.214,0.298,0.393,0.0,0.233,2.234,1.687,0.976,0.007,0.577
normalized_rhofold_rp03.pdb,4.096,0.0,0.703,0.98,0.169,0.644,5.827,50.86,0.592,0.167,0.417,0.798,0.988,0.0,0.597,0.407,1.201,1.276,0.565,0.761
normalized_isrna_rp03.pdb,11.75,5.551115123125783e-17,0.718,0.902,,0.686,16.371,23.74,0.345,0.191,0.238,0.345,0.607,0.0,0.287,1.223,1.403,1.966,0.446,0.696
normalized_ifoldrna_rp03_4.pdb,31.092,0.9930202146022932,0.282,0.0,0.0,0.426,110.165,28.66,0.122,0.071,0.095,0.119,0.202,0.0,0.19,3.135,2.194,0.598,0.001,0.545
normalized_alphafold3_rp03_1.pdb,2.6,0.0,0.906,0.981,0.882,0.883,2.869,13.67,0.812,0.524,0.798,0.929,1.0,0.0,0.785,0.264,0.731,2.33,0.816,0.902
