,RMSD,P-VALUE,INF-ALL,INF-WC,INF-NWC,INF-STACK,DI,MCQ,GDT-TS,GDT-TS@1,GDT-TS@2,GDT-TS@4,GDT-TS@8,CLASH,TM-score,BARNABA-RMSD,BARNABA-eRMSD,BARNABA-eSCORE,lDDT,CAD
normalized_mcsym_rp04.pdb,25.853,5.223595196446329e-06,0.744,0.877,0.0,0.721,34.764,37.52,0.316,0.151,0.309,0.373,0.429,0.0,0.351,2.651,1.479,2.74,0.003,0.714
normalized_vfold_rp04.pdb,22.088,4.023370525629843e-11,0.71,0.87,0.0,0.678,31.11,27.88,0.298,0.111,0.23,0.373,0.476,0.0,0.359,2.279,1.512,2.248,0.007,0.702
normalized_rnacomposer_rp04.pdb,23.811,1.4922542257433946e-08,0.802,0.91,0.463,0.776,29.678,19.51,0.306,0.135,0.262,0.381,0.444,0.0,0.323,2.495,1.229,2.345,0.563,0.757
normalized_3drna_rp04_1.pdb,8.911,0.0,0.808,0.848,0.408,0.812,11.027,23.89,0.48,0.286,0.397,0.516,0.722,0.0,0.526,0.895,1.049,2.514,0.666,0.826
normalized_simrna_rp04.pdb,21.525,4.797606756312689e-12,0.74,0.818,0.0,0.729,29.077,24.33,0.26,0.111,0.175,0.325,0.429,0.0,0.328,2.253,1.567,2.999,0.017,0.708
normalized_vfoldpipeline_rp04.pdb,22.204,6.171874122884445e-11,0.784,0.845,0.408,0.776,28.316,21.26,0.29,0.127,0.27,0.349,0.413,0.0,0.326,2.314,1.396,2.925,0.392,0.711
normalized_rhofold_rp04.pdb,3.596,0.0,0.822,0.891,0.471,0.807,4.375,46.59,0.559,0.119,0.389,0.73,1.0,0.0,0.684,0.385,0.975,2.266,0.624,0.815
normalized_ifoldrna_rp04_5.pdb,50.729,1.0,0.394,0.17,0.129,0.522,128.715,29.82,0.117,0.056,0.103,0.151,0.159,0.0,0.141,5.105,2.193,0.873,0.005,0.6
normalized_rnajp_rp04.pdb,21.134,1.0346168366481834e-12,0.775,0.843,0.289,0.765,27.272,23.21,0.266,0.111,0.214,0.318,0.421,0.0,0.292,2.207,1.382,3.501,0.211,0.705
normalized_isrna_rp04.pdb,23.661,9.249819077350452e-09,0.758,0.91,,0.712,31.198,21.56,0.286,0.135,0.238,0.333,0.436,0.0,0.371,2.418,1.301,2.72,0.456,0.704
normalized_trrosettarna_rp04_1.pdb,2.192,0.0,0.668,0.782,0.577,0.633,3.284,30.69,0.819,0.452,0.849,0.976,1.0,0.0,0.876,0.208,1.256,2.254,0.741,0.857
