,RMSD,P-VALUE,INF-ALL,INF-WC,INF-NWC,INF-STACK,DI,MCQ,GDT-TS,GDT-TS@1,GDT-TS@2,GDT-TS@4,GDT-TS@8,CLASH,TM-score,BARNABA-RMSD,BARNABA-eRMSD,BARNABA-eSCORE,lDDT,CAD
normalized_vfold_rp05.pdb,35.335,9.029762940770958e-05,0.553,0.387,0.0,0.645,63.929,21.02,0.125,0.069,0.117,0.149,0.165,0.0,0.244,3.563,2.046,4.812,0.157,0.587
normalized_rnacomposer_rp05.pdb,31.897,7.821071568159255e-09,0.633,0.614,0.135,0.671,50.37,24.64,0.174,0.069,0.128,0.213,0.287,0.0,0.246,3.256,1.796,3.626,0.387,0.621
normalized_simrna_rp05.pdb,34.008,3.6975703085473377e-06,0.617,0.576,0.0,0.671,55.076,22.35,0.134,0.048,0.096,0.144,0.25,0.0,0.204,3.479,1.92,4.78,0.023,0.627
normalized_3drna_rp05_3.pdb,25.646,0.0,0.564,0.618,0.0,0.588,45.454,35.95,0.108,0.037,0.085,0.138,0.17,0.0,0.242,2.626,2.016,2.696,0.261,0.585
normalized_vfoldpipeline_rp05.pdb,32.803,1.293559260817645e-07,0.575,0.622,0.0,0.6,57.046,23.48,0.141,0.101,0.128,0.154,0.181,0.0,0.229,3.327,1.985,4.09,0.194,0.572
normalized_rnajp_rp05.pdb,38.308,0.0181876900009783,0.591,0.39,0.0,0.695,64.807,22.13,0.12,0.059,0.096,0.149,0.175,0.0,0.16,3.872,2.034,5.213,0.046,0.597
normalized_rhofold_rp05.pdb,5.822,0.0,0.559,0.549,0.056,0.654,10.416,53.39,0.4,0.059,0.186,0.436,0.92,0.0,0.658,0.561,1.837,1.887,0.466,0.686
normalized_trrosettarna_rp05_1.pdb,3.448,0.0,0.712,0.81,0.107,0.713,4.844,28.97,0.628,0.138,0.452,0.92,1.0,0.0,0.841,0.305,1.402,3.357,0.607,0.77
normalized_ifoldrna_rp05_5.pdb,68.69,1.0,0.18,0.12,0.0,0.27,382.062,28.68,0.064,0.021,0.048,0.074,0.112,0.0,0.144,6.866,2.223,0.778,0.002,0.535
normalized_alphafold3_rp05_4.pdb,3.85,0.0,0.875,0.946,0.32,0.88,4.401,11.94,0.585,0.144,0.383,0.83,0.984,0.0,0.796,0.369,1.016,5.089,0.716,0.846
