,RMSD,P-VALUE,INF-ALL,INF-WC,INF-NWC,INF-STACK,DI,MCQ,GDT-TS,GDT-TS@1,GDT-TS@2,GDT-TS@4,GDT-TS@8,CLASH,TM-score,BARNABA-RMSD,BARNABA-eRMSD,BARNABA-eSCORE,lDDT,CAD
normalized_rnacomposer_rp06.pdb,30.74,1.3108088652180603e-05,0.608,0.625,0.25,0.642,50.556,26.4,0.071,0.044,0.057,0.082,0.101,0.0,0.253,3.142,1.727,2.643,0.431,0.093
normalized_simrna_rp06.pdb,25.831,2.089328710042082e-12,0.592,0.57,0.0,0.653,43.669,28.33,0.068,0.038,0.051,0.076,0.108,0.0,0.221,2.668,1.851,3.139,0.007,0.099
normalized_3drna_rp06_5.pdb,26.555,3.317757180099079e-11,0.571,0.577,0.125,0.61,46.503,37.9,0.071,0.044,0.051,0.07,0.12,0.0,0.245,2.722,1.759,2.286,0.378,0.097
normalized_vfoldpipeline_rp06.pdb,21.548,0.0,0.638,0.638,0.333,0.67,33.796,23.7,0.073,0.051,0.057,0.076,0.108,0.0,0.335,2.199,1.715,3.477,0.447,0.094
normalized_rnajp_rp06.pdb,,,0.218,0.0,0.0,0.299,,,0.07,0.044,0.057,0.063,0.114,0.0,0.133,,,0.582,0.001,0.023
normalized_rhofold_rp06.pdb,11.354,0.0,0.358,0.286,0.0,0.474,31.673,60.03,0.082,0.032,0.051,0.095,0.152,0.0,0.415,1.129,2.236,1.032,0.329,0.087
normalized_ifoldrna_rp06_3.pdb,42.39,0.988338445349454,0.217,0.088,0.0,0.31,195.256,34.12,0.081,0.044,0.063,0.082,0.133,0.0,0.154,4.278,2.262,0.86,0.003,0.091
normalized_isrna_rp06.pdb,29.998,1.955505223749654e-06,0.585,0.619,0.0,0.618,51.279,25.71,0.067,0.044,0.057,0.07,0.095,0.0,0.282,3.074,1.791,3.005,0.321,0.096
normalized_trrosettarna_rp06_2.pdb,18.34,0.0,0.626,0.729,0.102,0.636,29.306,33.09,0.081,0.044,0.063,0.101,0.114,0.0,0.428,1.881,1.458,2.583,0.53,0.094
