,RMSD,P-VALUE,INF-ALL,INF-WC,INF-NWC,INF-STACK,DI,MCQ,GDT-TS,GDT-TS@1,GDT-TS@2,GDT-TS@4,GDT-TS@8,CLASH,TM-score,BARNABA-RMSD,BARNABA-eRMSD,BARNABA-eSCORE,lDDT,CAD
normalized_rnacomposer_rp07.pdb,27.09,2.220446049250313e-16,0.73,0.899,0.2,0.691,37.113,23.36,0.172,0.076,0.124,0.173,0.314,0.0,0.256,2.805,1.402,4.101,0.545,0.732
normalized_simrna_rp07.pdb,26.865,5.551115123125783e-17,0.73,0.847,0.0,0.714,36.778,23.8,0.143,0.07,0.124,0.141,0.238,0.0,0.221,2.76,1.542,5.201,0.009,0.704
normalized_vfoldpipeline_rp07.pdb,32.628,2.2289978546252698e-07,0.794,0.875,0.23,0.811,41.097,19.11,0.303,0.13,0.254,0.378,0.449,0.0,0.426,3.307,1.241,4.333,0.234,0.79
normalized_3drna_rp07.pdb,20.997,0.0,0.748,0.853,0.141,0.733,28.067,24.2,0.22,0.178,0.2,0.238,0.265,0.0,0.266,2.16,1.35,4.571,0.558,0.764
normalized_rhofold_rp07.pdb,6.855,0.0,0.641,0.691,0.0,0.679,10.7,50.85,0.337,0.038,0.13,0.384,0.795,0.0,0.584,0.678,1.461,2.406,0.535,0.725
normalized_rnajp_rp07.pdb,37.167,0.0057565872621513,0.79,0.889,0.365,0.768,47.017,21.52,0.157,0.07,0.119,0.184,0.254,0.0,0.215,3.771,1.279,5.859,0.054,0.747
normalized_trrosettarna_rp07_2.pdb,6.087,0.0,0.719,0.862,0.224,0.691,8.468,28.31,0.408,0.114,0.189,0.47,0.86,0.0,0.632,0.62,1.208,3.755,0.615,0.797
normalized_ifoldrna_rp07_4.pdb,75.442,1.0,0.178,0.0,0.0,0.303,422.937,28.98,0.061,0.032,0.049,0.065,0.097,0.0,0.106,7.562,2.202,0.652,0.002,0.56
normalized_alphafold3_rp07_1.pdb,19.188,0.0,0.852,0.947,0.3,0.847,22.524,16.61,0.274,0.103,0.173,0.292,0.53,0.0,0.421,1.957,1.183,5.632,0.644,0.814
