,RMSD,P-VALUE,INF-ALL,INF-WC,INF-NWC,INF-STACK,DI,MCQ,GDT-TS,GDT-TS@1,GDT-TS@2,GDT-TS@4,GDT-TS@8,CLASH,TM-score,BARNABA-RMSD,BARNABA-eRMSD,BARNABA-eSCORE,lDDT,CAD
normalized_trrosettarna_rp08_3.pdb,2.14,0.0,0.624,0.751,0.144,0.63,3.431,29.06,0.797,0.333,0.854,1.0,1.0,0.0,0.842,0.188,1.395,1.847,0.692,0.839
normalized_isrna_rp08.pdb,20.771,3.2958899970347844e-06,0.679,0.869,0.0,0.63,30.608,20.12,0.219,0.104,0.156,0.229,0.385,0.0,0.233,2.18,1.401,2.364,0.327,0.705
normalized_rhofold_rp08.pdb,20.099,5.311733716206746e-07,0.411,0.277,0.218,0.502,48.944,54.31,0.169,0.104,0.135,0.167,0.271,0.0,0.219,2.097,2.134,1.017,0.312,0.609
normalized_ifoldrna_rp08_5.pdb,29.913,0.716425571728312,0.307,0.183,0.0,0.427,97.593,27.32,0.162,0.062,0.115,0.177,0.292,0.0,0.191,3.031,2.105,0.851,0.008,0.619
normalized_rnajp_rp08.pdb,23.859,0.0026285116349684,0.652,0.677,0.289,0.662,36.615,24.22,0.206,0.115,0.146,0.219,0.344,0.0,0.22,2.495,1.569,2.859,0.011,0.669
normalized_vfoldpipeline_rp08.pdb,16.759,8.193112854826268e-12,0.607,0.811,0.0,0.57,27.596,27.44,0.227,0.094,0.146,0.281,0.385,0.0,0.284,1.756,1.644,1.607,0.327,0.649
normalized_3drna_rp08.pdb,17.689,2.5053442653799607e-10,0.611,0.624,,0.63,28.956,30.98,0.227,0.125,0.156,0.271,0.354,0.0,0.275,1.836,1.614,2.063,0.432,0.684
normalized_simrna_rp08.pdb,19.48,8.781665461476963e-08,0.711,0.913,0.167,0.662,27.413,21.28,0.224,0.115,0.167,0.26,0.354,0.0,0.237,2.044,1.452,2.647,0.017,0.698
normalized_rnacomposer_rp08.pdb,27.932,0.2986537613346233,0.725,0.869,0.548,0.675,38.523,22.66,0.211,0.125,0.146,0.25,0.323,0.0,0.189,2.872,1.406,1.936,0.455,0.69
normalized_mcsym_rp08.pdb,18.178,1.365723312218847e-09,0.612,0.667,0.0,0.616,29.725,32.91,0.203,0.115,0.146,0.208,0.344,0.0,0.182,1.885,1.674,2.684,0.016,0.664
normalized_vfold_rp08.pdb,18.418,3.058117592491527e-09,0.567,0.635,0.0,0.604,32.466,29.04,0.195,0.115,0.146,0.208,0.312,0.0,0.189,1.974,1.779,1.943,0.001,0.653
normalized_alphafold3_rp08_1.pdb,3.108,0.0,0.912,0.97,0.667,0.907,3.406,9.77,0.779,0.542,0.708,0.865,1.0,0.0,0.747,0.311,0.751,3.077,0.854,0.9
