,RMSD,P-VALUE,INF-ALL,INF-WC,INF-NWC,INF-STACK,DI,MCQ,GDT-TS,GDT-TS@1,GDT-TS@2,GDT-TS@4,GDT-TS@8,CLASH,TM-score,BARNABA-RMSD,BARNABA-eRMSD,BARNABA-eSCORE,lDDT,CAD
normalized_isrna_rp09.pdb,25.242,0.7469485191657914,0.623,0.8,0.0,0.626,40.497,23.93,0.236,0.127,0.169,0.239,0.408,0.0,0.23,2.618,1.647,1.512,0.388,0.621
normalized_mcsym_rp09_1.pdb,20.764,0.0341821685238304,0.611,0.746,0.0,0.63,33.999,37.3,0.239,0.127,0.211,0.268,0.352,0.0,0.221,2.194,1.789,1.613,0.009,0.621
normalized_ifoldrna_rp09_5.pdb,25.879,0.8458843811448071,0.107,0.0,0.0,0.178,241.382,31.96,0.144,0.099,0.113,0.169,0.197,0.0,0.138,2.655,2.252,0.277,0.007,0.495
normalized_trrosettarna_rp09_3.pdb,2.48,0.0,0.598,0.682,0.302,0.617,4.145,36.26,0.757,0.296,0.761,0.972,1.0,0.0,0.717,0.229,1.487,0.985,0.626,0.81
normalized_rnajp_rp09.pdb,24.838,0.6703122539559598,0.625,0.76,,0.635,39.739,22.42,0.239,0.141,0.211,0.268,0.338,0.0,0.228,2.556,1.737,1.914,0.08,0.603
normalized_rhofold_rp09.pdb,5.633,0.0,0.703,0.822,0.456,0.699,8.015,54.89,0.539,0.211,0.38,0.648,0.915,0.0,0.456,0.569,1.407,1.105,0.558,0.722
normalized_3drna_rp09_4.pdb,15.514,1.0734844206328198e-06,0.602,0.821,0.0,0.586,25.76,42.84,0.232,0.141,0.183,0.254,0.352,0.0,0.198,1.609,1.678,1.314,0.374,0.584
normalized_vfoldpipeline_rp09.pdb,26.629,0.924451005533208,0.597,0.763,0.0,0.604,44.636,19.74,0.257,0.155,0.197,0.254,0.422,0.0,0.198,2.756,1.737,1.594,0.401,0.593
normalized_simrna_rp09.pdb,11.093,3.110289803487376e-13,0.616,0.763,,0.618,17.998,23.86,0.306,0.211,0.225,0.31,0.479,0.0,0.297,1.198,1.714,1.811,0.043,0.649
normalized_rnacomposer_rp09.pdb,25.096,0.7203800073436784,0.561,0.763,0.0,0.548,44.747,27.02,0.204,0.113,0.155,0.239,0.31,0.0,0.187,2.591,1.707,1.168,0.369,0.588
normalized_vfold_rp09.pdb,22.217,0.1548915636898286,0.627,0.776,,0.632,35.405,20.51,0.25,0.155,0.197,0.282,0.366,0.0,0.207,2.343,1.651,1.587,0.19,0.642
normalized_alphafold3_rp09_3.pdb,6.299,0.0,0.759,0.822,0.539,0.772,8.304,14.19,0.578,0.338,0.465,0.676,0.831,0.0,0.482,0.655,1.258,1.858,0.667,0.795
