,RMSD,P-VALUE,INF-ALL,INF-WC,INF-NWC,INF-STACK,DI,MCQ,GDT-TS,GDT-TS@1,GDT-TS@2,GDT-TS@4,GDT-TS@8,CLASH,TM-score,BARNABA-RMSD,BARNABA-eRMSD,BARNABA-eSCORE,lDDT,CAD
normalized_vfold_rp11.pdb,9.019,2.1987911491549988e-11,0.833,0.952,,0.781,10.832,19.09,0.333,0.175,0.263,0.368,0.526,0.0,0.297,0.969,1.083,1.909,0.229,0.81
normalized_trrosettarna_rp11_1.pdb,7.839,2.153277556260491e-13,0.624,0.845,,0.53,12.569,32.16,0.43,0.175,0.333,0.491,0.719,0.0,0.301,0.801,1.512,1.477,0.604,0.795
normalized_rnacomposer_rp11.pdb,,,0.295,0.0,,0.454,,,0.171,0.088,0.14,0.175,0.281,0.0,0.223,,,1.317,0.203,0.058
normalized_simrna_rp11.pdb,4.154,0.0,0.785,0.977,,0.713,5.292,20.14,0.531,0.14,0.316,0.667,1.0,0.0,0.386,0.423,1.131,1.748,0.021,0.827
normalized_mcsym_rp11_5.pdb,4.659,0.0,0.832,0.977,,0.758,5.602,32.36,0.469,0.105,0.263,0.526,0.983,0.0,0.31,0.494,1.179,1.62,0.017,0.779
normalized_ifoldrna_rp11_4.pdb,26.487,0.9990796009270388,0.248,0.0,,0.396,106.604,29.44,0.167,0.088,0.14,0.193,0.246,0.0,0.158,2.668,2.216,0.455,0.0,0.636
normalized_vfoldpipeline_rp11.pdb,4.654,0.0,0.869,0.952,,0.835,5.358,15.21,0.61,0.316,0.474,0.719,0.93,0.0,0.473,0.448,0.946,2.37,0.751,0.847
normalized_rnajp_rp11.pdb,,,0.382,0.0,,0.541,,,0.21,0.123,0.158,0.228,0.333,0.0,0.189,,,0.689,0.02,0.059
normalized_rhofold_rp11.pdb,5.985,5.551115123125783e-17,0.783,0.917,,0.696,7.645,43.61,0.443,0.123,0.246,0.614,0.789,0.0,0.349,0.625,0.978,1.514,0.604,0.822
normalized_isrna_rp11.pdb,4.297,0.0,0.862,0.956,,0.809,4.985,18.07,0.526,0.14,0.351,0.649,0.965,0.0,0.385,0.447,1.11,1.683,0.604,0.791
normalized_3drna_rp11_4.pdb,6.467,6.106226635438361e-16,0.835,0.956,,0.785,7.743,22.16,0.443,0.14,0.281,0.561,0.789,0.0,0.311,0.661,1.218,1.638,0.601,0.779
normalized_alphafold3_rp11_1.pdb,7.881,2.561284517810236e-13,0.818,0.956,,0.748,9.629,17.37,0.399,0.158,0.281,0.456,0.702,0.0,0.272,0.801,1.224,1.829,0.595,0.81
