,RMSD,P-VALUE,INF-ALL,INF-WC,INF-NWC,INF-STACK,DI,MCQ,GDT-TS,GDT-TS@1,GDT-TS@2,GDT-TS@4,GDT-TS@8,CLASH,TM-score,BARNABA-RMSD,BARNABA-eRMSD,BARNABA-eSCORE,lDDT,CAD
normalized_rnacomposer_rp12.pdb,25.771,0.0001165345024322,0.495,0.396,0.0,0.571,52.076,29.76,0.088,0.051,0.077,0.086,0.137,0.0,0.225,2.609,1.965,2.335,0.35,0.063
normalized_vfold_rp12.pdb,24.924,1.656496758334347e-05,0.407,0.546,0.0,0.411,61.263,35.36,0.098,0.06,0.094,0.111,0.128,0.0,0.256,2.558,2.166,1.732,0.001,0.052
normalized_ifoldrna_rp12_4.pdb,46.537,0.999999999999998,0.259,0.0,0.0,0.404,179.589,29.4,0.088,0.043,0.068,0.111,0.128,0.0,0.132,4.773,2.347,0.825,0.001,0.065
normalized_trrosettarna_rp12_1.pdb,2.601,0.0,0.562,0.737,0.12,0.544,4.632,31.21,0.094,0.051,0.068,0.103,0.154,0.0,0.876,0.234,1.363,2.066,0.708,0.07
normalized_vfoldpipeline_rp12.pdb,48.283,1.0,0.469,0.424,0.0,0.517,102.937,35.53,0.077,0.051,0.068,0.077,0.111,0.0,0.166,4.928,1.91,1.902,0.258,0.056
normalized_rnajp_rp12.pdb,26.359,0.0003989265503123,0.566,0.507,0.0,0.614,46.557,26.59,0.092,0.051,0.077,0.103,0.137,0.0,0.209,2.668,1.877,3.417,0.058,0.063
normalized_rhofold_rp12.pdb,4.58,0.0,0.667,0.758,0.0,0.667,6.862,48.48,0.09,0.034,0.068,0.103,0.154,0.0,0.605,0.476,1.261,1.807,0.574,0.068
normalized_3drna_rp12_3.pdb,24.642,8.246309414150499e-06,0.483,0.37,0.0,0.558,51.059,39.47,0.09,0.06,0.086,0.094,0.12,0.0,0.219,2.489,1.95,2.35,0.336,0.062
normalized_isrna_rp12.pdb,45.919,0.9999999999999712,0.526,0.403,0.0,0.609,87.356,25.21,0.1,0.06,0.077,0.12,0.145,0.0,0.224,4.622,1.925,2.815,0.326,0.063
normalized_alphafold3_rp12_2.pdb,3.139,0.0,0.856,0.974,0.57,0.835,3.666,17.37,0.094,0.051,0.068,0.103,0.154,0.0,0.779,0.309,0.837,3.639,0.758,0.069
