,RMSD,P-VALUE,INF-ALL,INF-WC,INF-NWC,INF-STACK,DI,MCQ,GDT-TS,GDT-TS@1,GDT-TS@2,GDT-TS@4,GDT-TS@8,CLASH,TM-score,BARNABA-RMSD,BARNABA-eRMSD,BARNABA-eSCORE,lDDT,CAD
normalized_rnacomposer_rp13.pdb,24.452,0.943809828559302,0.723,0.72,0.516,0.745,33.841,23.25,0.392,0.217,0.35,0.417,0.583,0.0,0.323,2.501,1.544,1.117,0.457,0.561
normalized_vfold_rp13.pdb,18.194,0.0294481174812233,0.442,0.333,0.0,0.548,41.173,31.64,0.283,0.167,0.25,0.317,0.4,0.0,0.225,1.883,2.123,1.197,0.002,0.458
normalized_trrosettarna_rp13_2.pdb,18.126,0.0270160368547015,0.738,0.818,,0.727,24.572,25.63,0.633,0.4,0.65,0.733,0.75,0.0,0.548,1.859,1.394,1.101,0.525,0.584
normalized_simrna_rp13.pdb,18.023,0.0236363967007284,0.676,0.624,0.0,0.737,26.667,22.49,0.346,0.133,0.233,0.433,0.583,0.0,0.235,1.825,1.722,1.745,0.017,0.536
normalized_vfoldpipeline_rp13.pdb,19.725,0.1495480910473761,0.632,0.741,0.0,0.61,31.227,26.58,0.258,0.183,0.233,0.283,0.333,0.0,0.213,2.041,1.716,0.996,0.332,0.478
normalized_mcsym_rp13_3.pdb,23.078,0.795036788033737,0.515,0.2,0.0,0.681,44.832,31.38,0.242,0.133,0.2,0.267,0.367,0.0,0.274,2.4,2.114,1.451,0.001,0.451
normalized_ifoldrna_rp13_5.pdb,23.436,0.846859876141092,0.261,0.0,0.0,0.405,89.813,28.12,0.138,0.083,0.117,0.15,0.2,0.0,0.261,2.43,2.331,0.646,0.001,0.424
normalized_rhofold_rp13.pdb,19.383,0.109665830970155,0.65,0.586,0.0,0.718,29.833,50.37,0.283,0.15,0.217,0.283,0.483,0.0,0.212,1.984,1.679,1.178,0.377,0.513
normalized_rnajp_rp13.pdb,,,0.462,0.0,0.0,0.655,,,0.196,0.133,0.15,0.217,0.283,0.0,0.228,,,1.108,0.011,0.036
normalized_isrna_rp13.pdb,24.769,0.9610889081745309,0.673,0.741,0.0,0.674,36.804,19.96,0.283,0.167,0.233,0.317,0.417,0.0,0.236,2.548,1.604,1.522,0.349,0.493
normalized_3drna_rp13_2.pdb,16.185,0.0013269495837506,0.735,0.688,0.577,0.765,22.017,31.68,0.417,0.217,0.333,0.5,0.617,0.0,0.309,1.624,1.602,1.163,0.423,0.539
normalized_alphafold3_rp13_3.pdb,19.936,0.1784047887301999,0.774,0.72,0.667,0.802,25.77,16.28,0.446,0.217,0.35,0.583,0.633,0.0,0.363,2.06,1.542,1.87,0.445,0.552
