,RMSD,P-VALUE,INF-ALL,INF-WC,INF-NWC,INF-STACK,DI,MCQ,GDT-TS,GDT-TS@1,GDT-TS@2,GDT-TS@4,GDT-TS@8,CLASH,TM-score,BARNABA-RMSD,BARNABA-eRMSD,BARNABA-eSCORE,lDDT,CAD
normalized_trrosettarna_rp17_4.pdb,12.437,7.027521253810676e-07,0.425,0.548,0.0,0.449,29.241,41.09,0.681,0.379,0.724,0.81,0.81,0.0,0.549,1.159,1.695,0.563,0.515,0.655
normalized_vfold_rp17.pdb,17.574,0.0243939912419084,0.375,0.271,0.0,0.481,46.805,32.65,0.203,0.121,0.19,0.224,0.276,0.0,0.138,1.851,2.145,0.82,0.007,0.477
normalized_rnacomposer_rp17.pdb,24.821,0.9800900609701272,0.46,0.387,,0.528,53.97,30.6,0.28,0.138,0.241,0.328,0.414,0.0,0.193,2.493,2.007,0.735,0.323,0.491
normalized_3drna_rp17.pdb,18.234,0.0543903945299136,0.45,0.31,0.0,0.554,40.483,37.94,0.19,0.103,0.155,0.207,0.293,0.0,0.146,1.861,2.146,0.883,0.281,0.465
normalized_ifoldrna_rp17_4.pdb,19.43,0.1737246536243082,0.329,0.447,0.0,0.406,59.107,31.2,0.194,0.103,0.155,0.224,0.293,0.0,0.135,1.935,2.085,0.286,0.004,0.487
normalized_vfoldpipeline_rp17.pdb,30.355,0.999999855338892,0.442,0.387,0.0,0.507,68.755,26.68,0.246,0.155,0.224,0.276,0.328,0.0,0.185,2.997,2.111,0.923,0.278,0.476
normalized_mcsym_rp17_3pdb.pdb,19.581,0.1961100904153743,0.404,0.28,0.0,0.5,48.504,40.86,0.224,0.138,0.19,0.224,0.345,0.0,0.158,1.993,2.183,1.106,0.012,0.455
normalized_rnajp_rp17.pdb,20.869,0.4444503134720028,0.485,0.271,0.0,0.618,43.004,29.75,0.241,0.172,0.207,0.259,0.328,0.0,0.157,2.104,2.138,1.322,0.012,0.455
normalized_rhofold_rp17.pdb,8.464,1.0200174038743626e-12,0.662,0.808,0.154,0.684,12.78,59.28,0.474,0.224,0.362,0.569,0.741,0.0,0.371,0.895,1.43,0.664,0.495,0.587
normalized_isrna_rp17.pdb,26.623,0.9988814758140488,0.457,0.424,0.0,0.517,58.251,28.32,0.263,0.155,0.224,0.31,0.362,0.0,0.211,2.617,2.032,0.827,0.278,0.506
normalized_alphafold3_rp17_3.pdb,15.811,0.0015888560289064,0.716,0.872,0.378,0.691,22.067,24.84,0.323,0.172,0.259,0.345,0.517,0.0,0.264,1.694,1.47,1.341,0.506,0.534
