,RMSD,P-VALUE,INF-ALL,INF-WC,INF-NWC,INF-STACK,DI,MCQ,GDT-TS,GDT-TS@1,GDT-TS@2,GDT-TS@4,GDT-TS@8,CLASH,TM-score,BARNABA-RMSD,BARNABA-eRMSD,BARNABA-eSCORE,lDDT,CAD
normalized_isrna_rp18.pdb,20.588,0.0273996048044031,0.719,0.784,0.0,0.733,28.623,19.7,0.243,0.155,0.211,0.254,0.352,0.0,0.207,2.093,1.465,2.319,0.45,0.68
normalized_rnajp_rp18.pdb,23.546,0.3907930141250263,0.644,0.588,0.408,0.689,36.543,20.9,0.254,0.169,0.239,0.268,0.338,0.0,0.225,2.36,1.718,2.695,0.03,0.636
normalized_rhofold_rp18.pdb,13.865,7.768344023606488e-09,0.581,0.695,0.136,0.612,23.859,52.98,0.282,0.155,0.225,0.282,0.465,0.0,0.239,1.474,1.897,0.971,0.388,0.656
normalized_3drna_rp18_3.pdb,15.932,3.286978997263379e-06,0.648,0.698,0.289,0.654,24.574,23.62,0.412,0.155,0.324,0.535,0.634,0.0,0.34,1.607,1.671,1.523,0.488,0.673
normalized_trrosettarna_rp18_1.pdb,2.414,0.0,0.547,0.695,0.144,0.553,4.41,28.63,0.852,0.507,0.901,1.0,1.0,0.0,0.811,0.187,1.412,1.453,0.66,0.818
normalized_vfoldpipeline_rp18.pdb,17.23,7.658689349571146e-05,0.683,0.784,0.0,0.679,25.227,21.43,0.236,0.141,0.225,0.254,0.324,0.0,0.244,1.803,1.523,1.838,0.455,0.681
normalized_vfold_rp18.pdb,10.24,8.659739592076221e-15,0.552,0.588,0.0,0.598,18.547,26.71,0.296,0.155,0.211,0.282,0.535,0.0,0.283,1.008,1.963,1.617,0.0,0.623
normalized_ifoldrna_rp18_3.pdb,20.938,0.0421824260735361,0.311,0.227,0.0,0.396,67.226,30.1,0.201,0.085,0.169,0.225,0.324,0.0,0.187,2.096,2.096,0.412,0.0,0.59
normalized_rnacomposer_rp18.pdb,19.907,0.0107641430484504,0.709,0.784,0.471,0.697,28.06,22.09,0.25,0.197,0.197,0.254,0.352,0.0,0.218,2.0,1.542,1.541,0.482,0.694
normalized_mcsym_rp18_3.pdb,13.495,2.3027475481995907e-09,0.538,0.588,0.0,0.548,25.104,33.1,0.285,0.155,0.225,0.31,0.451,0.0,0.225,1.329,1.881,2.448,0.039,0.616
normalized_simrna_rp18.pdb,11.976,1.0073886169692514e-11,0.717,0.756,0.408,0.727,16.693,19.85,0.289,0.197,0.254,0.268,0.437,0.0,0.222,1.244,1.615,2.351,0.017,0.701
