,RMSD,P-VALUE,INF-ALL,INF-WC,INF-NWC,INF-STACK,DI,MCQ,GDT-TS,GDT-TS@1,GDT-TS@2,GDT-TS@4,GDT-TS@8,CLASH,TM-score,BARNABA-RMSD,BARNABA-eRMSD,BARNABA-eSCORE,lDDT,CAD
normalized_isrna_rp21.pdb,20.62,0.986529526008306,0.582,0.614,,0.659,35.437,29.06,0.348,0.171,0.268,0.415,0.537,0.0,0.206,2.078,1.907,0.723,0.355,0.605
normalized_3drna_rp21_1.pdb,5.31,1.5546453013826067e-10,0.63,0.614,0.645,0.634,8.429,27.07,0.726,0.585,0.61,0.707,1.0,0.0,0.55,0.496,1.724,0.752,0.505,0.68
normalized_rnajp_rp21.pdb,17.13,0.6078788255453069,0.556,0.614,0.0,0.629,30.821,28.41,0.384,0.122,0.244,0.463,0.707,0.0,0.17,1.751,1.864,0.755,0.033,0.599
normalized_rhofold_rp21.pdb,4.16,2.076783189863818e-12,0.64,0.881,0.365,0.599,6.498,60.5,0.61,0.195,0.488,0.78,0.976,0.0,0.298,0.44,1.549,0.486,0.494,0.676
normalized_vfoldpipeline_rp21.pdb,20.792,0.9895091061228702,0.519,0.614,,0.563,40.077,27.09,0.335,0.122,0.244,0.366,0.61,0.0,0.198,2.06,1.984,0.776,0.315,0.563
normalized_trrosettarna_rp21_1.pdb,1.92,1.6653345369377348e-16,0.715,0.877,0.447,0.734,2.686,33.29,0.817,0.415,0.854,1.0,1.0,0.0,0.539,0.182,1.222,0.738,0.684,0.819
normalized_ifoldrna_rp21_4.pdb,19.217,0.9240519744736758,0.227,0.0,0.0,0.371,84.654,36.74,0.22,0.146,0.146,0.268,0.317,0.0,0.179,1.975,2.637,0.376,0.004,0.529
normalized_simrna_rp21.pdb,5.159,9.033818137993419e-11,0.616,0.815,0.0,0.667,8.377,31.47,0.549,0.195,0.39,0.658,0.951,0.0,0.314,0.522,1.986,0.878,0.024,0.689
normalized_rnacomposer_rp21.pdb,20.368,0.9808955679455356,0.529,0.614,,0.575,38.499,33.32,0.348,0.195,0.317,0.39,0.488,0.0,0.21,2.067,1.955,0.603,0.32,0.546
normalized_vfold_rp21.pdb,17.624,0.7081215970678212,0.492,0.647,0.0,0.562,35.807,34.02,0.378,0.122,0.244,0.488,0.658,0.0,0.181,1.816,1.994,0.518,0.001,0.615
normalized_alphafold3_rp21_3.pdb,1.294,0.0,0.808,0.92,0.566,0.832,1.6,20.64,0.933,0.756,0.976,1.0,1.0,0.0,0.741,0.141,0.638,0.984,0.642,0.908
