,RMSD,P-VALUE,INF-ALL,INF-WC,INF-NWC,INF-STACK,DI,MCQ,GDT-TS,GDT-TS@1,GDT-TS@2,GDT-TS@4,GDT-TS@8,CLASH,TM-score,BARNABA-RMSD,BARNABA-eRMSD,BARNABA-eSCORE,lDDT,CAD
normalized_isrna_rp24.pdb,15.127,0.0,0.818,0.946,0.0,0.771,18.496,21.42,0.255,0.099,0.144,0.351,0.423,0.0,0.362,1.662,1.138,4.563,0.572,0.259
normalized_3drna_rp24_1.pdb,8.541,0.0,0.79,0.863,0.0,0.778,10.815,23.15,0.311,0.108,0.153,0.342,0.64,0.0,0.456,0.898,1.148,3.832,0.614,0.252
normalized_rnajp_rp24.pdb,20.199,2.1753793211232164e-10,0.873,0.946,,0.851,23.148,16.5,0.239,0.063,0.135,0.306,0.451,0.0,0.415,2.175,0.992,6.311,0.398,0.251
normalized_rhofold_rp24.pdb,25.358,0.0003694647749254,0.211,0.0,0.0,0.365,119.967,59.39,0.122,0.045,0.081,0.135,0.225,0.0,0.204,2.59,2.623,0.642,0.188,0.193
normalized_ifoldrna_rp24_4.pdb,29.566,0.1498067987142748,0.266,0.0,0.0,0.463,111.096,28.46,0.099,0.063,0.081,0.108,0.144,0.0,0.152,3.028,2.354,1.187,0.002,0.231
normalized_mcsym_rp24_2.pdb,17.284,1.887379141862766e-15,0.833,0.957,0.0,0.783,20.754,31.47,0.259,0.063,0.144,0.27,0.559,0.0,0.386,1.801,1.024,5.075,0.005,0.25
normalized_vfold_rp24.pdb,12.622,0.0,0.792,0.945,0.0,0.741,15.935,23.63,0.286,0.099,0.171,0.369,0.504,0.0,0.394,1.306,1.09,3.44,0.003,0.252
normalized_trrosettarna_rp24_1.pdb,2.168,0.0,0.816,0.934,0.0,0.787,2.658,19.36,0.504,0.198,0.279,0.549,0.991,0.0,0.851,0.198,0.935,4.622,0.773,0.267
normalized_rnacomposer_rp24.pdb,12.991,0.0,0.818,0.946,0.0,0.774,15.885,21.28,0.281,0.099,0.153,0.342,0.531,0.0,0.399,1.327,1.07,3.552,0.675,0.265
normalized_simrna_rp24.pdb,15.737,0.0,0.857,0.968,0.0,0.813,18.36,18.62,0.273,0.081,0.144,0.333,0.531,0.0,0.395,1.622,0.916,4.679,0.061,0.262
