,RMSD,P-VALUE,INF-ALL,INF-WC,INF-NWC,INF-STACK,DI,MCQ,GDT-TS,GDT-TS@1,GDT-TS@2,GDT-TS@4,GDT-TS@8,CLASH,TM-score,BARNABA-RMSD,BARNABA-eRMSD,BARNABA-eSCORE,lDDT,CAD
normalized_isrna_rp25.pdb,18.002,0.0009065192595053,0.64,0.926,0.0,0.618,28.131,24.03,0.275,0.188,0.232,0.275,0.406,0.0,0.235,1.914,1.666,1.459,0.412,0.691
normalized_rhofold_rp25.pdb,12.841,1.0728741228760441e-09,0.412,0.225,0.0,0.554,31.182,57.79,0.225,0.101,0.174,0.246,0.377,0.0,0.238,1.33,2.352,0.623,0.303,0.601
normalized_rnajp_rp25.pdb,45.037,1.0,0.475,0.535,0.0,0.54,94.856,28.68,0.214,0.101,0.174,0.261,0.319,0.0,0.191,4.529,1.865,0.736,0.008,0.568
normalized_3drna_rp25_1.pdb,24.369,0.6619399810080359,0.581,0.781,0.0,0.577,41.957,28.9,0.29,0.188,0.246,0.304,0.42,0.0,0.253,2.517,1.698,1.426,0.414,0.673
normalized_trrosettarna_rp25_2.pdb,3.179,0.0,0.643,0.873,0.0,0.643,4.943,31.06,0.688,0.188,0.623,0.942,1.0,0.0,0.66,0.314,1.452,1.301,0.613,0.786
normalized_vfoldpipeline_rp25.pdb,4.334,0.0,0.783,0.926,0.615,0.759,5.532,19.43,0.696,0.464,0.58,0.768,0.971,0.0,0.644,0.426,1.406,1.617,0.539,0.792
normalized_mcsym_rp25.pdb,15.475,3.0449098959439702e-06,0.623,0.926,0.0,0.585,24.821,33.87,0.279,0.203,0.232,0.275,0.406,0.0,0.26,1.6,1.653,1.578,0.005,0.669
normalized_vfold_rp25.pdb,25.124,0.7987493862598063,0.614,0.926,0.0,0.584,40.909,31.79,0.257,0.116,0.232,0.319,0.362,0.0,0.228,2.619,1.621,1.137,0.004,0.681
normalized_rnacomposer_rp25.pdb,26.26,0.928989295951274,0.718,0.926,,0.704,36.576,23.28,0.268,0.174,0.232,0.304,0.362,0.0,0.224,2.713,1.477,1.36,0.409,0.703
