,RMSD,P-VALUE,INF-ALL,INF-WC,INF-NWC,INF-STACK,DI,MCQ,GDT-TS,GDT-TS@1,GDT-TS@2,GDT-TS@4,GDT-TS@8,CLASH,TM-score,BARNABA-RMSD,BARNABA-eRMSD,BARNABA-eSCORE,lDDT,CAD
normalized_mcsym_rp29_1.pdb,13.453,0.0002937003488941,0.554,0.507,,0.589,24.302,31.12,0.337,0.173,0.231,0.404,0.538,0.0,0.23,1.427,1.773,1.679,0.021,0.701
normalized_rnacomposer_rp29.pdb,17.279,0.0948404127415075,0.619,0.563,0.707,0.643,27.928,23.14,0.288,0.192,0.269,0.327,0.365,0.0,0.234,1.852,1.635,1.143,0.446,0.681
normalized_vfold_rp29.pdb,14.856,0.0039305474462821,0.546,0.563,0.0,0.561,27.184,30.12,0.288,0.173,0.288,0.308,0.385,0.0,0.218,1.588,1.79,1.341,0.002,0.652
normalized_vfoldpipeline_rp29.pdb,13.903,0.000717433526405,0.527,0.525,,0.541,26.376,28.64,0.284,0.192,0.25,0.269,0.423,0.0,0.215,1.382,1.703,1.22,0.358,0.666
normalized_trrosettarna_rp29_1.pdb,1.45,0.0,0.745,0.756,,0.761,1.946,24.67,0.942,0.769,1.0,1.0,1.0,0.0,0.811,0.129,1.148,1.611,0.754,0.898
normalized_3drna_rp29_3.pdb,15.814,0.0167611077805417,0.559,0.526,0.5,0.58,28.272,33.29,0.298,0.192,0.288,0.308,0.404,0.0,0.25,1.626,1.699,1.155,0.443,0.696
normalized_rhofold_rp29.pdb,17.053,0.0753161847835192,0.54,0.621,0.0,0.57,31.557,52.09,0.337,0.173,0.327,0.365,0.481,0.0,0.285,1.793,1.627,0.922,0.461,0.68
normalized_rnajp_rp29.pdb,17.332,0.0999116094550589,0.614,0.582,0.408,0.643,28.22,24.23,0.279,0.173,0.288,0.308,0.346,0.0,0.325,1.791,1.734,2.19,0.042,0.679
normalized_isrna_rp29.pdb,15.191,0.0067270932941913,0.59,0.546,0.0,0.642,25.751,22.94,0.279,0.154,0.25,0.327,0.385,0.0,0.242,1.613,1.774,1.67,0.455,0.699
