,RMSD,P-VALUE,INF-ALL,INF-WC,INF-NWC,INF-STACK,DI,MCQ,GDT-TS,GDT-TS@1,GDT-TS@2,GDT-TS@4,GDT-TS@8,CLASH,TM-score,BARNABA-RMSD,BARNABA-eRMSD,BARNABA-eSCORE,lDDT,CAD
normalized_mcsym_rp32_3.pdb,21.961,0.9692071690328254,0.422,0.0,,0.622,51.982,35.16,0.208,0.125,0.167,0.25,0.292,0.0,0.242,2.246,2.234,1.127,0.015,0.012
normalized_isrna_rp32.pdb,13.137,0.001211194781121,0.779,0.935,,0.757,16.864,26.05,0.219,0.125,0.188,0.208,0.354,0.0,0.249,1.4,1.426,1.038,0.456,0.011
normalized_rhofold_rp32.pdb,2.283,0.0,0.784,0.832,0.0,0.818,2.913,45.02,0.427,0.146,0.271,0.354,0.938,0.0,0.483,0.241,1.059,0.904,0.662,0.012
normalized_rnajp_rp32.pdb,,,0.431,0.0,0.0,0.627,,,0.229,0.146,0.188,0.271,0.312,0.0,0.235,,,1.32,0.071,0.605
normalized_trrosettarna_rp32_2.pdb,6.313,4.429345779044525e-12,0.618,0.802,0.0,0.581,10.211,38.55,0.354,0.146,0.208,0.396,0.667,0.0,0.25,0.634,1.595,0.923,0.518,0.009
normalized_3drna_rp32_2.pdb,7.585,4.768414552103194e-10,0.747,0.901,,0.72,10.15,32.6,0.318,0.125,0.229,0.312,0.604,0.0,0.289,0.747,1.464,1.052,0.514,0.013
normalized_vfoldpipeline_rp32.pdb,6.183,2.6715296641555138e-12,0.816,0.968,0.0,0.818,7.576,21.01,0.312,0.125,0.208,0.312,0.604,0.0,0.349,0.628,1.299,1.066,0.548,0.013
normalized_rnacomposer_rp32.pdb,7.18,1.13148657110429e-10,0.803,0.91,0.0,0.81,8.942,25.45,0.323,0.125,0.188,0.333,0.646,0.0,0.238,0.722,1.279,0.842,0.554,0.012
normalized_vfold_rp32.pdb,22.167,0.9763557396173036,0.332,0.0,0.0,0.528,66.768,31.0,0.193,0.125,0.146,0.208,0.292,0.0,0.282,2.285,2.293,0.854,0.003,0.009
normalized_alphafold3_rp32_5.pdb,,,0.4,0.0,0.0,0.622,,,0.458,0.229,0.312,0.479,0.812,0.0,0.266,,,1.325,0.503,0.738
