,RMSD,P-VALUE,INF-ALL,INF-WC,INF-NWC,INF-STACK,DI,MCQ,GDT-TS,GDT-TS@1,GDT-TS@2,GDT-TS@4,GDT-TS@8,CLASH,TM-score,BARNABA-RMSD,BARNABA-eRMSD,BARNABA-eSCORE,lDDT,CAD
normalized_isrna_rp34.pdb,12.956,3.26568144748407e-09,0.833,0.975,0.0,0.817,15.559,43.6,0.29,0.176,0.265,0.309,0.412,0.0,0.25,1.375,1.233,1.401,0.457,0.783
normalized_rhofold_rp34.pdb,0.0,0.0,1.0,1.0,1.0,1.0,0.0,,1.0,1.0,1.0,1.0,1.0,0.0,1.0,0.0,0.0,1.515,1.0,1.0
normalized_rnajp_rp34.pdb,20.653,0.0634776708077279,0.573,0.727,0.0,0.561,36.016,46.85,0.294,0.162,0.235,0.353,0.426,0.0,0.261,2.119,1.642,1.693,0.01,0.728
normalized_trrosettarna_rp34_4.pdb,15.761,1.0968908068897942e-05,0.371,0.224,0.0,0.488,42.516,66.2,0.173,0.088,0.103,0.191,0.309,0.0,0.135,1.699,1.725,0.268,0.41,0.726
normalized_vfoldpipeline_rp34.pdb,15.651,8.34234662372424e-06,0.678,0.922,0.0,0.645,23.073,43.84,0.257,0.147,0.235,0.279,0.368,0.0,0.23,1.602,1.277,1.081,0.414,0.741
normalized_3drna_rp34_3.pdb,13.89,6.3438120700976e-08,0.72,0.866,0.5,0.682,19.289,46.02,0.287,0.176,0.25,0.309,0.412,0.0,0.276,1.41,1.457,1.057,0.388,0.677
normalized_rnacomposer_rp34.pdb,14.083,1.133314611601044e-07,0.833,1.0,0.5,0.783,16.913,45.97,0.283,0.103,0.25,0.338,0.441,0.0,0.241,1.516,1.102,1.129,0.523,0.784
normalized_vfold_rp34.pdb,21.872,0.1979783113791485,0.56,0.727,0.0,0.541,39.088,48.01,0.265,0.118,0.25,0.294,0.397,0.0,0.228,2.335,1.759,1.083,0.003,0.711
normalized_alphafold3_rp34_5.pdb,11.268,7.914779942552741e-12,0.811,0.975,0.354,0.78,13.886,45.91,0.327,0.162,0.294,0.353,0.5,0.0,0.283,1.221,1.245,1.767,0.542,0.793
