,RMSD,P-VALUE,INF-ALL,INF-WC,INF-NWC,INF-STACK,DI,MCQ,GDT-TS,GDT-TS@1,GDT-TS@2,GDT-TS@4,GDT-TS@8,CLASH,TM-score,BARNABA-RMSD,BARNABA-eRMSD,BARNABA-eSCORE,lDDT,CAD
normalized_trrosettarna_r1107_4.pdb,13.065,2.288140066308841e-09,0.415,0.267,0.0,0.522,31.493,46.05,0.235,0.101,0.188,0.29,0.362,0.0,0.229,1.355,1.744,0.491,0.406,0.705
normalized_isrna_r1107.pdb,22.118,0.2024461154610687,0.57,0.342,0.0,0.681,38.781,27.77,0.261,0.145,0.232,0.29,0.377,0.0,0.25,2.295,1.905,1.454,0.305,0.652
normalized_mcsym_r1107_1.pdb,18.053,0.0009969944763257,0.539,0.312,,0.648,33.464,36.53,0.265,0.13,0.217,0.29,0.42,0.0,0.213,1.817,2.004,1.824,0.004,0.665
normalized_vfold_r1107_4.pdb,18.806,0.0037644799813078,0.519,0.312,0.0,0.636,36.27,36.28,0.246,0.145,0.232,0.29,0.319,0.0,0.353,1.938,2.003,1.336,0.01,0.654
normalized_rhofold_R1107.pdb,14.725,3.913157456403305e-07,0.47,0.309,0.0,0.595,31.332,58.95,0.232,0.101,0.159,0.261,0.406,0.0,0.282,1.509,1.948,0.893,0.36,0.65
normalized_rnacomposer_r1107.pdb,17.056,0.0001336828343314,0.55,0.326,0.0,0.667,30.985,27.83,0.228,0.145,0.203,0.232,0.333,0.0,0.209,1.781,1.906,1.482,0.377,0.664
normalized_3drna_r1107_4.pdb,19.078,0.0058416839142937,0.566,0.35,0.0,0.667,33.696,30.55,0.206,0.101,0.188,0.232,0.304,0.0,0.232,1.998,1.968,1.246,0.371,0.634
normalized_simrna_r1107.pdb,18.524,0.0023337994187341,0.548,0.306,0.0,0.673,33.801,25.65,0.246,0.188,0.217,0.246,0.333,0.0,0.264,1.916,2.072,1.838,0.034,0.67
normalized_vfoldpipeline_r1107.pdb,22.448,0.258097756086992,0.53,0.342,0.0,0.617,42.37,23.97,0.206,0.116,0.203,0.232,0.275,0.0,0.241,2.314,1.994,1.771,0.375,0.659
