,RMSD,P-VALUE,INF-ALL,INF-WC,INF-NWC,INF-STACK,DI,MCQ,GDT-TS,GDT-TS@1,GDT-TS@2,GDT-TS@4,GDT-TS@8,CLASH,TM-score,BARNABA-RMSD,BARNABA-eRMSD,BARNABA-eSCORE,lDDT,CAD
normalized_3drna_r1149_1.pdb,17.717,0.0,0.736,0.845,0.577,0.692,24.076,25.8,0.196,0.097,0.161,0.226,0.298,0.0,0.238,1.877,1.3,3.475,0.425,0.768
normalized_isrna_r1149.pdb,16.899,0.0,0.825,0.904,,0.795,20.492,15.05,0.208,0.121,0.153,0.25,0.306,0.0,0.251,1.747,1.055,4.568,0.601,0.797
normalized_trrosettarna_r1149_3.pdb,18.576,5.551115123125783e-17,0.529,0.404,0.5,0.584,35.097,29.33,0.177,0.129,0.169,0.194,0.218,0.0,0.221,1.957,1.627,2.589,0.474,0.759
normalized_vfoldpipeline_r1149.pdb,14.05,0.0,0.738,0.869,0.0,0.687,19.045,20.63,0.228,0.121,0.161,0.218,0.411,0.0,0.385,1.469,1.19,3.763,0.549,0.768
normalized_simrna_r1149.pdb,20.511,2.860489622946717e-13,0.812,0.875,0.707,0.785,25.273,16.97,0.242,0.081,0.185,0.266,0.435,0.0,0.297,2.144,1.123,4.52,0.022,0.82
normalized_rnajp_r1149.pdb,18.257,0.0,0.852,0.873,0.5,0.854,21.423,16.56,0.28,0.105,0.185,0.323,0.508,0.0,0.391,1.872,0.96,6.512,0.056,0.835
normalized_vfold_r1149_2.pdb,12.266,0.0,0.766,0.87,0.0,0.736,16.003,26.15,0.242,0.097,0.185,0.25,0.435,0.0,0.437,1.279,1.223,3.028,0.001,0.78
normalized_rnacomposer_r1149.pdb,15.954,0.0,0.807,0.915,0.707,0.759,19.759,19.41,0.22,0.121,0.153,0.25,0.355,0.0,0.365,1.685,1.089,3.234,0.619,0.798
normalized_rhofold_r1149.pdb,21.897,6.103484384567537e-11,0.512,0.152,0.183,0.7,42.797,65.62,0.198,0.048,0.097,0.242,0.403,0.0,0.26,2.276,2.553,1.711,0.0,0.615
