,RMSD,P-VALUE,INF-ALL,INF-WC,INF-NWC,INF-STACK,DI,MCQ,GDT-TS,GDT-TS@1,GDT-TS@2,GDT-TS@4,GDT-TS@8,CLASH,TM-score,BARNABA-RMSD,BARNABA-eRMSD,BARNABA-eSCORE,lDDT,CAD
normalized_3drna_r1189_5.pdb,21.015,7.252076716923739e-11,0.623,0.786,,0.561,33.737,43.08,0.225,0.085,0.127,0.271,0.415,0.0,0.272,2.131,1.418,2.074,0.489,0.686
normalized_isrna_r1189.pdb,29.128,0.0285335436001653,0.693,0.851,,0.633,42.039,36.05,0.227,0.093,0.203,0.288,0.322,0.0,0.248,2.987,1.575,2.21,0.394,0.658
normalized_vfoldpipeline_r1189.pdb,30.267,0.1019752320833053,0.653,0.838,,0.567,46.34,38.55,0.197,0.076,0.161,0.254,0.297,0.0,0.235,3.092,1.326,2.133,0.492,0.692
normalized_trrosettarna_r1189_4.pdb,29.408,0.0402713711321305,0.446,0.522,,0.464,65.952,44.49,0.155,0.059,0.102,0.195,0.263,0.0,0.183,3.011,1.571,1.055,0.455,0.65
normalized_simrna_r1189.pdb,26.583,0.0004546615331308,0.63,0.77,,0.584,42.175,35.37,0.195,0.085,0.127,0.254,0.314,0.0,0.2,2.765,1.696,2.793,0.043,0.683
normalized_rnajp_r1189.pdb,31.705,0.318699523048851,0.681,0.838,,0.633,46.578,33.93,0.186,0.076,0.127,0.237,0.305,0.0,0.206,3.225,1.408,2.921,0.06,0.667
normalized_rnacomposer_r1189.pdb,35.366,0.9409329284968349,0.66,0.851,,0.602,53.61,35.5,0.193,0.068,0.144,0.254,0.305,0.0,0.208,3.576,1.475,2.283,0.514,0.662
normalized_vfold_r1189_2.pdb,28.802,0.0185778227717093,0.659,0.851,,0.594,43.678,39.83,0.197,0.11,0.136,0.237,0.305,0.0,0.201,2.971,1.409,1.98,0.007,0.673
normalized_rhofold_R1189.pdb,22.312,6.362111504287782e-09,0.447,0.354,,0.562,49.945,56.35,0.182,0.068,0.144,0.229,0.288,0.0,0.234,2.38,2.081,1.116,0.37,0.638
